descFile,seqIndex,response,FC,LW,DP,NK,AE,pcMK,_SolventAccessibilityD1025,tau2_GRAR740104,tau4_GRAR740104,QSO50_GRAR740104,QSO29_GRAR740104,meanEisenbergHydrophobicity,K_KR
descriptors_AMP_2.csv,1,1,0,0,0,0,0,0,12.5,10747.66667,8589.75,0,0,0.56125,0
descriptors_AMP_2.csv,2,1,0,0,0,0,0,0,10,9976.375,7268.666667,0,0.051519,0.052,0.666666667
descriptors_AMP_2.csv,3,1,0,0,0,0,0,0,10,13710.125,5625,0,0,0.278,1
descriptors_AMP_2.csv,4,1,0,0,0,0,0,0,27.273,10662.66667,3895.714286,0,0.062674,-0.126363636,1
descriptors_AMP_2.csv,5,1,0,0,0,0,0,0.5,63.636,8466.111111,7449.571429,0,0.03779,-0.084545455,0.5
descriptors_AMP_2.csv,6,1,0,0,0,0,0,0,18.182,12688.88889,7305.142857,0,0.057022,0.203636364,0.5
descriptors_AMP_2.csv,7,1,0,0,0,0,0,0,16.667,8281.6,9849.75,0,0.062209,0.229166667,0.66668
descriptors_AMP_2.csv,8,1,0,0,0,0,0,0.25,8.333,14731.9,4409.625,0,0.064161,0.1175,1
descriptors_AMP_2.csv,9,1,0,0,0,0,0,0.5,8.333,16210.4,4973.125,0,0.041429,0.223333333,0.5
descriptors_AMP_2.csv,10,1,0,0,0,0,0,0,16.667,13457,2884.25,0,0.082089,0.6075,1
descriptors_AMP_2.csv,11,1,0,0,0,0,0,0,8.333,11514.2,6922.5,0,0.038903,0.2325,0.66668
descriptors_AMP_2.csv,12,1,0,0,0,0,0,0,7.692,12754.90909,3172.111111,0,0.099481,-0.379230769,0.4000052
descriptors_AMP_2.csv,13,1,0,8.33,0,0,0,0,15.385,15426.45455,5655.777778,0,0.066192,0.517692308,1
descriptors_AMP_2.csv,14,1,0,0,0,0,0,0,15.385,14115.09091,3339.777778,0,0.076735,0.656923077,0
descriptors_AMP_2.csv,15,1,0,0,0,0,0,0,15.385,13307.90909,5638.333333,0,0.075133,0.587692308,0
descriptors_AMP_2.csv,16,1,0,0,0,0,0,0.5,15.385,15440.90909,5497.111111,0,0.100694,0.647692308,1
descriptors_AMP_2.csv,17,1,0,0,0,0,0,0,15.385,18622.45455,4443,0,0.090996,0.591538462,0
descriptors_AMP_2.csv,18,1,0,8.33,0,0,0,0,15.385,16636.18182,6080.222222,0,0.07067,0.403076923,1
descriptors_AMP_2.csv,19,1,0,0,0,0,0,0.5,7.692,17216.54545,20796.33333,0,0.046753,-0.058461538,0.333318889
descriptors_AMP_2.csv,20,1,0,0,0,0,0,0,15.385,15845.90909,2724.666667,0,0.065294,0.336923077,0.5
descriptors_AMP_2.csv,21,1,0,0,0,0,8.33,0,15.385,15587.54545,7323.222222,0,0.085088,0.316153846,1
descriptors_AMP_2.csv,22,1,0,0,0,0,8.33,0,15.385,15438.09091,7274.222222,0,0.083436,0.330769231,1
descriptors_AMP_2.csv,23,1,0,0,0,0,0,0,15.385,14920.90909,10531,0,0.04025,0.583076923,1
descriptors_AMP_2.csv,24,1,0,0,0,0,0,0,15.385,15084.54545,4461.666667,0,0.085238,0.658461538,1
descriptors_AMP_2.csv,25,1,0,0,0,0,0,0,15.385,20104.36364,5033.444444,0,0.070627,0.577692308,1
descriptors_AMP_2.csv,26,1,0,0,0,0,0,0,15.385,18312,5714,0,0.067021,0.471538462,1
descriptors_AMP_2.csv,27,1,0,0,0,0,0,0,7.692,6889.727273,7587.222222,0,0.06229,0.355384615,1
descriptors_AMP_2.csv,28,1,0,0,0,0,0,0,15.385,18321.27273,7493.222222,0,0.067607,0.416923077,1
descriptors_AMP_2.csv,29,1,0,0,0,0,0,0,15.385,14324.36364,5293.666667,0,0.057618,0.535384615,1
descriptors_AMP_2.csv,30,1,0,0,0,0,0,0,14.286,15163.58333,15247.3,0,0.045099,0.332142857,1
descriptors_AMP_2.csv,31,1,0,0,0,0,0,0.333333333,14.286,12931.83333,14056.6,0,0.050744,0.350714286,1
descriptors_AMP_2.csv,32,1,0,0,0,0,0,0.333333333,14.286,13313.08333,11338.9,0,0.048648,0.265714286,0.666666667
descriptors_AMP_2.csv,33,1,0,7.69,0,0,0,0,14.286,19246.25,6631.1,0,0.058174,0.327857143,1
descriptors_AMP_2.csv,34,1,0,0,0,0,0,0,14.286,11702,6103.3,0,0.049875,0.392142857,1
descriptors_AMP_2.csv,35,1,0,0,0,0,0,0,21.429,12190.5,10758.4,0,0.056968,0.078571429,1
descriptors_AMP_2.csv,36,1,0,0,0,0,0,0.333333333,21.429,13345.41667,13184.8,0,0.079002,0.359285714,1
descriptors_AMP_2.csv,37,1,0,0,0,0,0,0.5,21.429,12637.5,12313.7,0,0.072525,0.339285714,1
descriptors_AMP_2.csv,38,1,0,0,0,0,0,0,21.429,7708,10284.2,0,0.063561,0.3,1
descriptors_AMP_2.csv,39,1,0,0,0,0,0,0,7.143,11274.41667,6179.9,0,0.070304,-0.014285714,1
descriptors_AMP_2.csv,40,1,0,0,0,0,0,0,21.429,12606.25,12557.7,0,0.079062,0.293571429,1
descriptors_AMP_2.csv,41,1,0,0,0,0,0,0.4,7.143,12274.41667,12157.4,0,0.074637,0.163571429,1
descriptors_AMP_2.csv,42,1,0,0,0,0,0,0,50,10481.41667,5867.9,0,0.070798,0.215714286,1
descriptors_AMP_2.csv,43,1,0,0,0,0,0,0,21.429,10725.66667,12826.9,0,0.058076,0.127857143,1
descriptors_AMP_2.csv,44,1,0,0,0,0,0,0,13.333,11649.15385,7456.272727,0,0.060946,0.190666667,1
descriptors_AMP_2.csv,45,1,0,0,0,0,0,0,26.667,8794.307692,7987,0,0.065424,0.154666667,1
descriptors_AMP_2.csv,46,1,0,0,0,0,0,0,20,12094.38462,9267.818182,0,0.071913,0.232,1
descriptors_AMP_2.csv,47,1,0,0,0,0,0,0,26.667,13731.61538,15694.36364,0,0.083192,-0.292,0.250009375
descriptors_AMP_2.csv,48,1,0,0,0,0,0,0,6.667,5280.153846,5246.090909,0,0.058013,0.092666667,1
descriptors_AMP_2.csv,49,1,0,14.29,0,0,0,0,20,3094.461538,4468.090909,0,0.078733,0.926666667,0
descriptors_AMP_2.csv,50,1,0,21.43,0,0,0,0,20,2848.307692,4799.363636,0,0.086612,0.901333333,0
descriptors_AMP_2.csv,51,1,0,14.29,0,0,0,0,20,3058.923077,4494.818182,0,0.07586,0.864666667,0
descriptors_AMP_2.csv,52,1,0,0,0,0,0,0,20,10825.07692,8751.181818,0,0.068834,0.066,1
descriptors_AMP_2.csv,53,1,0,0,0,0,0,0,20,10684.53846,8024.363636,0,0.070606,0.096666667,1
descriptors_AMP_2.csv,54,1,0,0,0,0,0,0,20,10260.53846,8417.454545,0,0.068913,0.046,1
descriptors_AMP_2.csv,55,1,0,0,0,0,0,0,12.5,14406.5,16401.83333,0,0.068932,0.068125,0
descriptors_AMP_2.csv,56,1,0,0,0,0,0,0,18.75,13727.07143,7761.166667,0,0.092714,0.46375,1
descriptors_AMP_2.csv,57,1,0,0,0,0,0,0,18.75,13847.07143,7776.416667,0,0.093222,0.44375,1
descriptors_AMP_2.csv,58,1,0,0,0,0,0,0,18.75,15211.5,6166.5,0,0.07681,0.46375,1
descriptors_AMP_2.csv,59,1,0,0,0,0,0,0,12.5,14295.71429,5391.166667,0,0.101677,0.453125,1
descriptors_AMP_2.csv,60,1,0,0,0,0,0,0,5.882,10356.06667,6051.461538,0,0.062409,-0.343529412,0.875005313
descriptors_AMP_2.csv,61,1,0,0,0,0,0,0,23.529,11643.53333,6420.461538,0,0.089192,0.692941176,1
descriptors_AMP_2.csv,62,1,0,0,0,0,0,0,11.765,14510.66667,5129.153846,0,0.077611,0.229411765,1
descriptors_AMP_2.csv,63,1,0,0,0,0,0,0,17.647,10464.53333,11367.15385,0,0.072205,0.134705882,1
descriptors_AMP_2.csv,64,1,0,0,0,0,0,0,22.222,7940.375,5093.5,0,0.070114,0.249444444,0.7999856
descriptors_AMP_2.csv,65,1,0,0,0,0,0,0,11.111,12452.125,5530.5,0,0.07873,0.413333333,1
descriptors_AMP_2.csv,66,1,0,0,0,0,0,0.333333333,11.111,9768.5625,4835.214286,0,0.072356,0.212777778,1
descriptors_AMP_2.csv,67,1,0,0,0,0,0,0,16.667,12847.3125,6321.142857,0,0.062796,0.425555556,1
descriptors_AMP_2.csv,68,1,0,0,0,0,0,0,16.667,14118.375,7727.785714,0,0.068219,0.371666667,1
descriptors_AMP_2.csv,69,1,0,0,0,0,0,0,16.667,11237.0625,4827.571429,0,0.066986,0.543888889,1
descriptors_AMP_2.csv,70,1,0,0,0,0,0,0,22.222,8895.3125,6361.285714,0,0.053056,-0.067777778,1
descriptors_AMP_2.csv,71,1,0,0,0,0,5.88,0,22.222,5073.625,5262.714286,0,0.065475,0.4,0
descriptors_AMP_2.csv,72,1,0,0,0,0,0,0,5.263,11428.76471,5837.266667,0,0.061609,-0.376315789,0.857146735
descriptors_AMP_2.csv,73,1,0,0,0,0,0,0,10.526,10102.17647,9107.333333,0,0.074369,0.363684211,1
descriptors_AMP_2.csv,74,1,0,0,0,0,0,0,21.053,10774.52941,8087.2,0,0.078874,0.451052632,0
descriptors_AMP_2.csv,75,1,0,0,0,0,0,0,10.526,10485,6078.266667,0,0.098631,0.497368421,0
descriptors_AMP_2.csv,76,1,0,5.56,0,0,0,0,15.789,11329.82353,5547.266667,0,0.08055,0.49,1
descriptors_AMP_2.csv,77,1,0,0,0,0,0,0,10.526,9001.705882,10049.6,0,0.071369,-0.027368421,1
descriptors_AMP_2.csv,78,1,0,0,0,0,0,0,10.526,9306.647059,9438.6,0,0.0664,0.057894737,1
descriptors_AMP_2.csv,79,1,0,0,0,0,0,0,26.316,11599.05882,5301.6,0,0.066986,0.251578947,1
descriptors_AMP_2.csv,80,1,0,0,0,0,0,0.666666667,10.526,14745.23529,6548.466667,0,0.086362,0.307894737,1
descriptors_AMP_2.csv,81,1,0,0,0,0,0,0,10.526,5034.176471,5659.266667,0,0.086866,-0.637368421,0.625008906
descriptors_AMP_2.csv,82,1,0,0,0,0,0,0,10,16246.94444,13764.875,0,0.067628,-0.059,0.8
descriptors_AMP_2.csv,83,1,0,0,0,0,0,0,15,10835.5,7452.4375,0,0.072205,0.0625,0.25
descriptors_AMP_2.csv,84,1,0,0,0,0,0,0.25,15,15215.72222,11432.25,0,0.07357,0.43,1
descriptors_AMP_2.csv,85,1,0,0,0,0,0,0.5,25,14243.83333,4873,0,0.064599,0.4645,1
descriptors_AMP_2.csv,86,1,0,0,0,0,0,0,15,14089.11111,11385.25,0,0.056865,0.271,1
descriptors_AMP_2.csv,87,1,0,0,0,0,0,0,25,12532,5470.3125,0,0.084018,0.578,1
descriptors_AMP_2.csv,88,1,0,0,0,0,0,0.166666667,30,10295.27778,9038.75,0,0.068502,0.1805,1
descriptors_AMP_2.csv,89,1,0,0,0,0,0,0,15,11607.83333,4667,0,0.078018,-0.401,0.333333333
descriptors_AMP_2.csv,90,1,0,0,0,0,0,0,5,12808.05556,13268.5625,0,0.066649,-0.4575,0.571428571
descriptors_AMP_2.csv,91,1,0,0,0,0,0,0,25,12577.5,5481.75,0,0.084087,0.562,1
descriptors_AMP_2.csv,92,1,0,0,0,0,0,0.285714286,10,10917.83333,7211.1875,0,0.075356,-0.3075,0.833333333
descriptors_AMP_2.csv,93,1,0,0,0,0,0,0.25,10,11296.11111,6508.9375,0,0.075093,-0.4135,0.857142857
descriptors_AMP_2.csv,94,1,0,0,0,0,0,0,10,7407.777778,9102.125,0,0.044664,-0.0185,0.833333333
descriptors_AMP_2.csv,95,1,0,0,0,0,0,0.333333333,28.571,12430.05263,7615.764706,0,0.074611,0.423809524,1
descriptors_AMP_2.csv,96,1,0,0,0,0,0,0,19.048,16908.36842,15776,0,0.058886,0.422857143,1
descriptors_AMP_2.csv,97,1,0,0,0,0,0,0,14.286,11096.10526,8020.411765,0,0.080156,0.517619048,1
descriptors_AMP_2.csv,98,1,0,0,0,0,0,0,28.571,15354.68421,14549.88235,0,0.062802,0.368571429,1
descriptors_AMP_2.csv,99,1,0,0,0,0,0,0.2,28.571,10252.57895,6772.235294,0,0.064685,0.295238095,1
descriptors_AMP_2.csv,100,1,0,0,0,0,0,0,19.048,9689.789474,11504.11765,0,0.050976,-0.734761905,0.444444444
descriptors_AMP_2.csv,101,1,0,0,0,0,0,0,33.333,8079.526316,6845.882353,0,0.054632,-0.360952381,0.166666667
descriptors_AMP_2.csv,102,1,0,0,0,0,0,0,22.727,9342.3,5224.388889,0,0.053506,0.282727273,0.666691112
descriptors_AMP_2.csv,103,1,0,0,0,0,0,0,22.727,9282.9,5233.944444,0,0.053298,0.235909091,0.333308888
descriptors_AMP_2.csv,104,1,0,0,0,0,0,0,22.727,10770.8,5867.888889,0,0.046271,0.215909091,0
descriptors_AMP_2.csv,105,1,0,0,0,0,0,0,9.091,8201.95,7277.722222,0,0.07227,-0.240909091,0.333333333
descriptors_AMP_2.csv,106,1,0,0,0,0,4.76,0,18.182,9155.2,3645.388889,0,0.06576,0.57,1
descriptors_AMP_2.csv,107,1,0,0,0,0,0,0,13.636,11615.2,5266.388889,0,0.051522,0.324090909,0.5
descriptors_AMP_2.csv,108,1,0,0,0,4.76,0,0.2,31.818,15459.85,6843.833333,0,0.070919,0.169090909,1
descriptors_AMP_2.csv,109,1,0,0,0,0,0,0.142857143,27.273,7644,7469.388889,0,0.060368,-0.071818182,1
descriptors_AMP_2.csv,110,1,0,0,0,0,0,0,17.391,10701.47619,7349.526316,0,0.079973,0.39173913,0.5
descriptors_AMP_2.csv,111,1,0,0,0,0,0,0,21.739,9749.285714,6408.578947,0,0.068258,0.545652174,0
descriptors_AMP_2.csv,112,1,0,0,0,0,0,0.2,13.043,13198.7619,8680.157895,0,0.056412,0.178695652,1
descriptors_AMP_2.csv,113,1,0,0,0,0,0,0,21.739,11749.7619,7767.368421,0,0.065913,0.155652174,1
descriptors_AMP_2.csv,114,1,0,0,0,0,0,0,8.696,11247.04762,8322.368421,0,0.060181,0.10173913,1
descriptors_AMP_2.csv,115,1,0,4.55,0,0,0,0,13.043,14617.09524,6359.052632,0,0.071839,0.202173913,1
descriptors_AMP_2.csv,116,1,0,0,0,0,0,0,17.391,11715.04762,5844.105263,0,0.085311,0.426956522,1
descriptors_AMP_2.csv,117,1,0,0,0,0,0,0,8.696,12354.19048,7748.157895,0,0.079747,-0.332173913,0.625007188
descriptors_AMP_2.csv,118,1,0,4.55,0,0,0,0,13.043,8893.761905,6688.052632,0,0.056161,-0.220434783,0.285723673
descriptors_AMP_2.csv,119,1,0,0,0,0,0,0,17.391,10521.09524,6946.315789,0,0.082504,0.504347826,1
descriptors_AMP_2.csv,120,1,0,0,0,0,0,0,17.391,11856.38095,6067.736842,0,0.087494,0.46173913,1
descriptors_AMP_2.csv,121,1,0,0,0,0,0,0,17.391,11759.2381,6007.578947,0,0.088039,0.416956522,0
descriptors_AMP_2.csv,122,1,0,0,0,0,0,0,16.667,6344.590909,6138.9,0,0.068507,-0.61875,0.571433469
descriptors_AMP_2.csv,123,1,4.35,0,0,0,0,0,20.833,14149.95455,10426.2,0,0.066874,0.344166667,1
descriptors_AMP_2.csv,124,1,0,0,0,0,0,0,12.5,13592.90909,10185.55,0,0.056545,0.227083333,1
descriptors_AMP_2.csv,125,1,0,0,0,0,4.35,0,16.667,10680.95455,6213.7,0,0.05744,0.452083333,1
descriptors_AMP_2.csv,126,1,0,0,0,0,4.35,0,12.5,10177.63636,7012.05,0,0.061036,0.337083333,1
descriptors_AMP_2.csv,127,1,0,0,0,0,4.35,0,12.5,9976,6807.25,0,0.060053,0.35625,1
descriptors_AMP_2.csv,128,1,0,0,0,0,4.35,0,20.833,9545.181818,6436.6,0,0.057527,0.445416667,1
descriptors_AMP_2.csv,129,1,0,0,0,0,0,0.125,8.333,12342.31818,6390.25,0,0.055738,-0.19375,1
descriptors_AMP_2.csv,130,1,0,0,0,0,0,0,12.5,12861.27273,7083.85,0,0.052888,-0.15625,0.5
descriptors_AMP_2.csv,131,1,0,0,0,0,0,0,16.667,12232.04545,7541.4,0,0.067426,0.12125,1
descriptors_AMP_2.csv,132,1,0,0,0,0,0,0,20.833,12053.5,7585.05,0,0.067904,0.08,1
descriptors_AMP_2.csv,133,1,0,4.35,0,4.35,0,0.333333333,25,8205.909091,10354.45,0,0.063074,0.096666667,0.7999904
descriptors_AMP_2.csv,134,1,0,4.35,0,0,0,0,25,11214.81818,6793.85,0,0.063546,0.1875,1
descriptors_AMP_2.csv,135,1,0,0,0,0,0,0.125,16.667,11865.86364,6135.2,0,0.040308,-0.158333333,0.8749925
descriptors_AMP_2.csv,136,1,0,0,0,0,0,0,16.667,8646.818182,3054.05,0,0.092194,-0.909166667,0
descriptors_AMP_2.csv,137,1,0,0,0,0,0,0.125,25,11507.68182,5766.45,0,0.056854,-0.225833333,1
descriptors_AMP_2.csv,138,1,0,0,0,0,4.35,0.666666667,16.667,12757.5,9970.75,0,0.053299,0.2675,0.5
descriptors_AMP_2.csv,139,1,0,0,0,0,0,0,20.833,11115.86364,9660.55,0,0.039146,-0.201666667,0.16668
descriptors_AMP_2.csv,140,1,0,0,0,0,0,0,12,12594.17391,9117.52381,0,0.073793,0.1024,0.8
descriptors_AMP_2.csv,141,1,0,0,0,0,0,0,16,10109.73913,7874.904762,0,0.053651,0.0968,0.4
descriptors_AMP_2.csv,142,1,0,0,0,0,0,0,16,10121.17391,7842.190476,0,0.053484,0.0556,0.2
descriptors_AMP_2.csv,143,1,0,0,0,0,0,0,12,16490.73913,8262.714286,0,0.048432,-0.2068,0.333333333
descriptors_AMP_2.csv,144,1,0,0,0,0,4.17,0,16,10048,5521.666667,0,0.059554,0.3372,1
descriptors_AMP_2.csv,145,1,0,0,0,0,4.17,0,16,10942.6087,5803.095238,0,0.059468,0.4092,1
descriptors_AMP_2.csv,146,1,0,0,0,0,4.17,0,16,10304.56522,5519,0,0.058635,0.5032,1
descriptors_AMP_2.csv,147,1,0,0,0,0,4.17,0,12,10981.82609,5708.904762,0,0.061786,0.4,1
descriptors_AMP_2.csv,148,1,0,0,0,0,4.17,0,20,10476.82609,5369.666667,0,0.058987,0.4768,1
descriptors_AMP_2.csv,149,1,0,0,0,0,4.17,0,20,10460.04348,4731.904762,0,0.060811,0.5028,0
descriptors_AMP_2.csv,150,1,0,0,0,0,4.17,0,20,10620.52174,4572.047619,0,0.065083,0.508,1
descriptors_AMP_2.csv,151,1,0,0,0,4.17,0,0.2,12,13997.04348,5300.619048,0,0.061558,0.1936,1
descriptors_AMP_2.csv,152,1,0,0,0,0,0,0,12,10698.08696,7768.857143,0,0.039833,0.188,1
descriptors_AMP_2.csv,153,1,0,0,0,0,0,0.2,28,9127.173913,7520.52381,0,0.044888,-0.1252,0.571428571
descriptors_AMP_2.csv,154,1,0,0,0,0,0,0,12,10010.21739,7032.714286,0,0.044697,0.0988,1
descriptors_AMP_2.csv,155,1,0,0,0,0,0,0.25,24,6851.304348,7931.190476,0,0.052858,-0.198,0.428571429
descriptors_AMP_2.csv,156,1,0,0,0,0,0,0,12,14272.73913,7370.380952,0,0.047408,-0.192,0.666666667
descriptors_AMP_2.csv,157,1,0,0,0,0,0,0,12,11483.95652,8713.761905,0,0.061349,0.1372,1
descriptors_AMP_2.csv,158,1,0,0,0,0,0,0,19.231,12601.66667,5170,0,0.058488,0.305769231,0.5
descriptors_AMP_2.csv,159,1,0,0,0,0,0,0,11.538,7395.083333,7251.681818,0,0.05905,0.100384615,0.6
descriptors_AMP_2.csv,160,1,0,0,0,0,0,0,11.538,10388.75,7175.045455,0,0.066572,-0.144615385,0.777784198
descriptors_AMP_2.csv,161,1,0,4,0,4,0,0.2,23.077,12647.66667,7129,0,0.046364,0.172307692,1
descriptors_AMP_2.csv,162,1,0,0,0,0,0,0.25,23.077,9261.875,9265.727273,0,0.048012,-0.233076923,0.333323704
descriptors_AMP_2.csv,163,1,0,0,0,0,0,0.142857143,38.462,8492.916667,7237.409091,0,0.049248,-0.006923077,1
descriptors_AMP_2.csv,164,1,0,0,0,0,0,0,23.077,8074.041667,7738.863636,0,0.050989,-0.123076923,0.5
descriptors_AMP_2.csv,165,1,0,0,0,0,0,0.2,19.231,13351.33333,6288.454545,0,0.057946,-0.485769231,0.727279174
descriptors_AMP_2.csv,166,1,0,3.85,0,0,0,0.2,22.222,8859.44,5979.347826,0,0.054001,0.328888889,1
descriptors_AMP_2.csv,167,1,0,0,0,0,3.85,0,14.815,10992.36,5524.173913,0,0.059045,0.276666667,1
descriptors_AMP_2.csv,168,1,0,0,0,0,3.85,0,14.815,10884.28,6392.956522,0,0.05076,0.282962963,1
descriptors_AMP_2.csv,169,1,0,0,0,0,3.85,0,18.519,11444.8,4692.086957,0,0.058462,0.276666667,1
descriptors_AMP_2.csv,170,1,0,0,0,0,0,0,25.926,12714.96,14667.26087,0,0.04628,-0.087777778,0.888882222
descriptors_AMP_2.csv,171,1,0,0,0,0,0,0,22.222,8529.8,6300,0,0.051235,-0.183333333,0.7000027
descriptors_AMP_2.csv,172,1,0,0,0,0,0,0.2,14.815,9592.64,7467.826087,0,0.035381,-0.105555556,1
descriptors_AMP_2.csv,173,1,0,0,0,0,0,0,22.222,9943.68,9616.782609,0,0.055461,-0.293703704,0.166674166
descriptors_AMP_2.csv,174,1,0,0,0,0,0,0.25,29.63,11418.44,8374.608696,0,0.053705,-0.435555556,0.428565918
descriptors_AMP_2.csv,175,1,0,0,0,0,0,0,18.519,8101.44,6617.869565,0,0.057276,-0.319259259,0.222212222
descriptors_AMP_2.csv,176,1,0,3.7,0,0,0,0.2,10.714,13193.11538,4803.875,0,0.052601,0.105,1
descriptors_AMP_2.csv,177,1,0,0,0,0,0,0.125,10.714,11621.42308,8195.041667,0,0.059264,-0.243928571,0.7000056
descriptors_AMP_2.csv,178,1,0,0,0,0,0,0,21.429,10625.26923,9119.375,0,0.063818,0.073928571,0.42856
descriptors_AMP_2.csv,179,1,0,0,0,0,0,0.166666667,20.69,14632.14815,8867.88,0,0.05196,0.067586207,1
descriptors_AMP_2.csv,180,1,0,3.57,0,0,0,0,20.69,9534.259259,4313,0,0.057002,0.133448276,1
descriptors_AMP_2.csv,181,1,0,0,0,0,0,0,10.345,12948.74074,6818.2,0,0.068514,-0.303793103,0.6000058
descriptors_AMP_2.csv,182,1,0,0,0,0,0,0,24.138,9834.111111,8438.28,0,0.056773,-0.181034483,0.333333333
descriptors_AMP_2.csv,183,1,0,0,0,0,0,0,20.69,14257.85185,7094.2,0,0.048642,-0.250344828,0.624990937
descriptors_AMP_2.csv,184,1,0,0,0,0,0,0,27.586,7582.925926,8132.4,0,0.05473,-0.006551724,0.428577347
descriptors_AMP_2.csv,185,1,0,0,0,0,0,0,20.69,7867.925926,7496.52,0,0.054122,0.224482759,1
descriptors_AMP_2.csv,186,1,0,0,0,0,0,0,20.69,7996.777778,7073.8,0,0.048695,0.246206897,1
descriptors_AMP_2.csv,187,1,0,3.45,0,0,3.45,0.142857143,30,12082.03571,8336.730769,0,0.045378,0.194333333,1
descriptors_AMP_2.csv,188,1,0,3.45,0,0,0,0.2,20,11926.67857,6834.5,0,0.048324,0.155333333,1
descriptors_AMP_2.csv,189,1,0,0,0,0,0,0.5,26.667,17625.07143,15084.15385,0,0.047716,0.121,1
descriptors_AMP_2.csv,190,1,0,0,0,0,0,0,26.667,11402.42857,8114.769231,0,0.056104,0.064666667,0.400012
descriptors_AMP_2.csv,191,1,0,0,0,0,0,0.166666667,13.333,13521.28571,11815,0,0.04996,-0.211,0.555566667
descriptors_AMP_2.csv,192,1,0,0,0,0,0,0,20,15936.17857,7596.192308,0,0.052521,0.537333333,0
descriptors_AMP_2.csv,193,1,0,0,0,0,0,0,20,9553.464286,7945.153846,0,0.055363,0.004,0.625004687
descriptors_AMP_2.csv,194,1,0,0,0,0,0,0.2,20,11500.89286,10199.61538,0,0.05069,-0.031,1
descriptors_AMP_2.csv,195,1,0,0,0,3.45,0,0,20,13308.71429,11031.65385,0,0.041105,0.218333333,1
descriptors_AMP_2.csv,196,1,0,0,0,0,0,0,20,7962.607143,5565.884615,0,0.053644,-0.257333333,0.75
descriptors_AMP_2.csv,197,1,0,0,0,0,0,0,23.333,10442.25,5959.192308,0,0.066602,-0.413,0.600006
descriptors_AMP_2.csv,198,1,0,0,0,0,0,0,12.903,10461.06897,9998.555556,0.004197,0.060502,0.119677419,0.7999876
descriptors_AMP_2.csv,199,1,0,0,0,0,0,0,25.806,10499.41379,5846.481481,0.003048,0.064434,-0.481290323,0.545457107
descriptors_AMP_2.csv,200,1,0,0,0,0,0,0,22.581,10193.34483,9116.111111,0.002652,0.048565,-0.119677419,0.714273061
descriptors_AMP_2.csv,201,1,0,0,0,0,0,0,25,15075.73333,8072.428571,0.006272,0.048821,0.16875,1
descriptors_AMP_2.csv,202,1,0,0,0,0,0,0,25,15795.8,7513.535714,0.006088,0.045647,0.1459375,1
descriptors_AMP_2.csv,203,1,0,0,0,3.23,0,0,12.5,12167.1,10294.46429,0.004722,0.043104,0.02375,1
descriptors_AMP_2.csv,204,1,0,0,0,0,0,0.25,31.25,10296.73333,6197.535714,0.000843,0.044727,0.1315625,1
descriptors_AMP_2.csv,205,1,0,0,0,0,0,0,18.75,9651.5,8305.607143,0.001635,0.058984,-0.0684375,0.777777778
descriptors_AMP_2.csv,206,1,0,0,0,0,0,0,18.75,9257.233333,8457.75,0.001633,0.059095,-0.0159375,0.875
descriptors_AMP_2.csv,207,1,0,0,0,0,0,0,12.121,11092.90323,6965.689655,0.008152,0.045027,0.34030303,1
descriptors_AMP_2.csv,208,1,0,0,0,0,0,0,12.121,11297.41935,6853.137931,0.006363,0.044825,0.373636364,1
descriptors_AMP_2.csv,209,1,0,0,0,0,3.13,0,12.121,15548.03226,8897.172414,0.004549,0.052479,-0.228181818,0.444432222
descriptors_AMP_2.csv,210,1,0,3.13,0,0,0,0,24.242,10525.29032,5254.448276,0.005898,0.04745,0.139090909,1
descriptors_AMP_2.csv,211,1,0,3.13,0,0,0,0,27.273,10426.6129,5342.448276,0.00579,0.048074,0.153636364,1
descriptors_AMP_2.csv,212,1,0,0,0,0,0,0,15.152,13753.64516,8921.448276,0.01046,0.051057,0.182424242,1
descriptors_AMP_2.csv,213,1,0,0,0,3.13,0,0.375,9.091,8940.935484,9853.862069,0.005383,0.039082,-0.225454545,0.71427898
descriptors_AMP_2.csv,214,1,0,0,0,0,0,1,15.152,13055.58065,9858.206897,0.001946,0.048187,-0.841818182,0
descriptors_AMP_2.csv,215,1,0,0,0,0,0,0,24.242,11200.3871,8366.689655,0.003201,0.052799,0.241212121,1
descriptors_AMP_2.csv,216,1,0,0,0,0,0,0.333333333,21.212,13625.32258,13360.17241,0.006922,0.043127,0.152424242,1
descriptors_AMP_2.csv,217,1,0,3.03,0,0,0,0.4,20.588,8367.9375,6969.266667,0.012404,0.039181,0.267058824,1
descriptors_AMP_2.csv,218,1,0,3.03,0,0,0,0.333333333,20.588,9267.4375,6757.166667,0.009967,0.040978,0.188235294,1
descriptors_AMP_2.csv,219,1,0,0,0,0,3.03,0,20.588,11196.71875,4954.866667,0.007352,0.06128,-0.21,1
descriptors_AMP_2.csv,220,1,0,0,0,0,0,0.4,17.647,16485.25,13030.83333,0.007168,0.045234,0.030294118,0.6000272
descriptors_AMP_2.csv,221,1,0,0,0,0,0,0,26.471,10953.75,8348.466667,0.006239,0.048778,0.258235294,1
descriptors_AMP_2.csv,222,1,0,0,0,0,0,0,8.824,12266.09375,6974.333333,0.007637,0.065874,-0.179117647,0.888893087
descriptors_AMP_2.csv,223,1,0,0,0,0,0,0,17.647,11763.03125,7036.066667,0.005129,0.064345,-0.151764706,0.777786173
descriptors_AMP_2.csv,224,1,0,0,0,0,0,0,20.588,7733.5,4905.8,0.0109,0.054296,-0.350294118,0.812490703
descriptors_AMP_2.csv,225,1,0,0,0,0,0,0,20.588,8298.8125,5195.333333,0.008954,0.058189,-0.300588235,0.866672711
descriptors_AMP_2.csv,226,1,0,0,0,0,0,0,20.588,8366,5494.866667,0.010341,0.057855,-0.329117647,0.799990933
descriptors_AMP_2.csv,227,1,0,0,0,2.94,0,0.111111111,11.429,9407.454545,4546.548387,0.010681,0.041122,0.019714286,1
descriptors_AMP_2.csv,228,1,0,2.94,0,2.94,0,0,28.571,15435.48485,14016.74194,0.013949,0.032378,0.412571429,1
descriptors_AMP_2.csv,229,1,0,0,0,0,2.86,0.5,33.333,10603.64706,7010.5,0.009292,0.038812,-0.225833333,0.2000144
descriptors_AMP_2.csv,230,1,0,0,0,0,0,0,21.622,12632.4,10222.30303,0.016949,0.047402,0.101351351,0.5
descriptors_AMP_2.csv,231,1,0,0,0,0,0,0,16.216,12239.77143,6113.69697,0.006695,0.049356,-0.321621622,0.454557686
descriptors_AMP_2.csv,232,1,0,0,0,0,0,0,24.324,13643.25714,7783.484848,0.014445,0.043578,0.132432432,1
descriptors_AMP_2.csv,233,1,0,0,0,0,0,0,16.216,11733.22857,9991.151515,0.009809,0.049238,-0.084054054,0.8999889
descriptors_AMP_2.csv,234,1,0,0,0,0,0,0,16.216,10189.8,9469.393939,0.009427,0.04783,-0.122972973,0.8000148
descriptors_AMP_2.csv,235,1,0,0,0,0,0,0,16.216,11119.22857,9643.030303,0.008699,0.050498,-0.104864865,0.8000148
descriptors_AMP_2.csv,236,1,0,0,0,0,0,0,16.216,9908.714286,9461.515152,0.009304,0.046158,-0.166756757,0.8000148
descriptors_AMP_2.csv,237,1,0,0,0,0,0,0,16.216,15413.37143,7747.121212,0.016993,0.065165,-0.277837838,0.333333333
descriptors_AMP_2.csv,238,1,0,0,0,2.78,0,0,16.216,10104.54286,5185.363636,0.014778,0.055487,-0.423513514,0.642845816
descriptors_AMP_2.csv,239,1,0,0,0,0,0,0,21.622,11999.8,10561.15152,0.01527,0.04621,0.061351351,0.5
descriptors_AMP_2.csv,240,1,0,0,0,0,0,0,29.73,9304.257143,7233.090909,0.009604,0.043551,0.043783784,0.874988438
descriptors_AMP_2.csv,241,1,0,0,0,0,0,0,13.514,12893,5881.787879,0.00903,0.062527,-0.271891892,0.4000074
descriptors_AMP_2.csv,242,1,0,0,0,0,0,0,8.108,12218.91429,6638.727273,0.008937,0.059977,-0.289459459,0.545442314
descriptors_AMP_2.csv,243,1,0,0,0,0,0,0,16.216,12779.11429,6511.818182,0.011593,0.054803,-0.215135135,0.428563878
descriptors_AMP_2.csv,244,1,0,0,0,0,0,0,16.216,13130.54286,6666.212121,0.009907,0.060424,-0.192162162,0.7000037
descriptors_AMP_2.csv,245,1,0,0,0,0,0,0,16.216,12847.28571,7365.666667,0.010057,0.057156,-0.26972973,0.666666667
descriptors_AMP_2.csv,246,1,0,0,0,0,0,0,16.216,13734.51429,7132.606061,0.008814,0.059284,-0.126756757,0.7000037
descriptors_AMP_2.csv,247,1,0,0,0,0,0,0,29.73,8878.714286,7487.030303,0.009751,0.04346,0.015135135,0.666666667
descriptors_AMP_2.csv,248,1,0,0,0,0,0,0,16.216,11405.31429,6409.606061,0.01285,0.059326,-0.244054054,0.5
descriptors_AMP_2.csv,249,1,0,0,0,0,0,0,18.919,9353.142857,7000.909091,0.017266,0.042432,-0.212432432,0.538465917
descriptors_AMP_2.csv,250,1,0,0,0,0,0,0,10.526,12135.5,6910.411765,0.010418,0.058516,-0.265526316,0.545445124
descriptors_AMP_2.csv,251,1,0,0,0,0,0,0.142857143,31.579,9967.888889,7273.823529,0.011487,0.043839,0.063157895,0.857119592
descriptors_AMP_2.csv,252,1,0,0,0,0,0,0,15.789,11190.19444,7020.823529,0.014049,0.056927,-0.368684211,0.545445124
descriptors_AMP_2.csv,253,1,0,0,0,0,0,0,7.692,8093.108108,9588.542857,0.016354,0.041922,-0.151025641,0.6
descriptors_AMP_2.csv,254,1,0,0,0,0,0,0,17.949,11746.86486,9732.6,0.008152,0.041433,-0.118717949,0.571428571
descriptors_AMP_2.csv,255,1,0,0,0,0,0,0,17.949,8661.486486,6578.971429,0.015984,0.045213,-0.060512821,0.571428571
descriptors_AMP_2.csv,256,1,0,0,0,0,0,0,17.949,8680.378378,6187.885714,0.016453,0.045251,-0.035897436,0.714301632
descriptors_AMP_2.csv,257,1,0,0,0,0,0,0,33.333,9291.189189,7264.371429,0.010451,0.045917,-0.042051282,0.666681111
descriptors_AMP_2.csv,258,1,0,0,0,2.56,5.13,0.333333333,42.5,9538.868421,8325.25,0.012342,0.051171,0.192,0.666666667
descriptors_AMP_2.csv,259,1,0,0,0,0,0,0.25,17.5,8970.184211,9320.027778,0.018953,0.051554,-0.23175,0.333333333
descriptors_AMP_2.csv,260,1,0,0,0,0,0,0,19.048,9362.3,8266.078947,0.011027,0.045928,-0.030714286,0.818181818
descriptors_AMP_2.csv,261,1,0,0,0,2.44,4.88,0.333333333,42.857,9185.35,8461.421053,0.014418,0.048413,0.23047619,0.666666667
descriptors_AMP_2.csv,262,1,0,0,0,0,0,0,19.048,8871.95,8659.578947,0.013339,0.044035,-0.02452381,0.909090909
descriptors_AMP_2.csv,263,1,0,0,0,0,0,0,19.048,9103.3,8256.078947,0.013639,0.04618,-0.053809524,0.818181818
descriptors_AMP_2.csv,264,1,0,0,0,0,0,0,11.905,9374.15,8475.157895,0.018197,0.043316,-0.235,0.3
descriptors_AMP_2.csv,265,1,0,0,0,2.44,0,0,26.19,8067.975,6436.105263,0.02144,0.047165,0.025952381,0.75
descriptors_AMP_2.csv,266,1,0,0,0,0,0,0,30.233,11075.4878,8783.153846,0.021391,0.044644,-0.478139535,0.529404325
descriptors_AMP_2.csv,267,1,0,0,0,0,0,0.5,13.953,13653.36585,15035.92308,0.016819,0.040719,0.143255814,1
descriptors_AMP_2.csv,268,1,0,0,0,0,0,0.222222222,16.279,9650.317073,7573.102564,0.02187,0.042665,0.135813953,0.874979844
descriptors_AMP_2.csv,269,1,0,0,0,0,0,0,13.636,9922.761905,7149.8,0.022835,0.042104,-0.364545455,0.1999824
descriptors_AMP_2.csv,270,1,0,0,0,0,2.33,0,15.909,12139.85714,8387,0.015888,0.039815,0.047272727,1
descriptors_AMP_2.csv,271,1,0,2.33,0,0,2.33,0,15.909,12040.66667,8668.675,0.017274,0.038577,-0.016363636,1
descriptors_AMP_2.csv,272,1,0,2.33,0,0,2.33,0,15.909,11980.95238,8605.975,0.017624,0.038217,-0.019318182,1
descriptors_AMP_2.csv,273,1,0,0,0,0,0,0.111111111,17.778,14135.39535,9244.390244,0.017293,0.034435,0.095333333,0.8889
descriptors_AMP_2.csv,274,1,0,0,0,0,0,0,38.298,14833.6,14854.39535,0.013265,0.040341,-0.046808511,0.142876326
descriptors_AMP_2.csv,275,1,0,0,0,0,0,0,40.426,12005.13333,8435.348837,0.016843,0.035083,-0.255744681,0.5
descriptors_AMP_2.csv,276,1,0,0,0,0,0,0,23.404,13892.68889,9591.953488,0.018192,0.04522,0.068085106,1
descriptors_AMP_2.csv,277,1,0,0,0,0,0,0.1,16.667,9598.282609,7987.318182,0.022121,0.04362,-0.092708333,0.75
descriptors_AMP_2.csv,278,1,0,0,0,0,0,0,29.167,11902.97826,8802.818182,0.015745,0.041603,0.03125,0.400019199
descriptors_AMP_2.csv,279,1,0,0,0,0,0,0.25,20.408,11984.80851,11174.42222,0.021761,0.038118,-0.334897959,0.272707025
descriptors_AMP_2.csv,280,1,0,0,0,0,0,0.2,26.923,12118.56,11854.08333,0.018318,0.041606,-0.191153846,0.5
descriptors_AMP_2.csv,281,1,0,1.82,0,0,1.82,0.090909091,16.071,9857.055556,7672.480769,0.024307,0.03901,-0.13875,0.769234083
descriptors_AMP_2.csv,282,1,0,0,0,0,0,0.272727273,12.5,8905.574074,4617.711538,0.019247,0.050383,0.017857143,0.727281983
descriptors_AMP_2.csv,283,1,0,0,0,0,0,0.5,25.862,8029.464286,7201.074074,0.02199,0.039964,0.468793103,0.5
descriptors_AMP_2.csv,284,1,1.72,0,0,0,1.72,0,23.729,14560.50877,13284.27273,0.027002,0.040013,0.289152542,1
descriptors_AMP_2.csv,285,1,0,0,0,3.39,0,0.285714286,21.667,13353.22414,8500.25,0.023862,0.039602,0.104166667,0.8333
descriptors_AMP_2.csv,286,1,0,0,0,0,1.69,0,25,9434.844828,6452.696429,0.019014,0.040129,0.417,1
descriptors_decoy_2.csv,1,-1,0,0,0,0,0,0,50,12043.5,12704.16667,0,0.044671,0.14,1
descriptors_decoy_2.csv,2,-1,0,0,0,0,0,0,30,7477.625,7400.333333,0,0.001974,0.059,0
descriptors_decoy_2.csv,3,-1,0,0,0,0,0,0,10,9059.25,10972.33333,0,0,0.055,0
descriptors_decoy_2.csv,4,-1,0,0,0,0,0,0,20,12629.25,10663.5,0,0,0.638,0
descriptors_decoy_2.csv,5,-1,0,0,0,0,0,0,40,6488.75,6048.166667,0,0.010277,0.274,0
descriptors_decoy_2.csv,6,-1,0,0,0,0,0,0,90,9902.375,6401.166667,0,0.016995,-0.306,1
descriptors_decoy_2.csv,7,-1,0,0,0,0,0,0.333333333,20,8246,4668.833333,0,0.034886,-0.077,0.666666667
descriptors_decoy_2.csv,8,-1,0,0,0,0,0,0,10,11967.375,13344.16667,0,0.039628,0.183,0
descriptors_decoy_2.csv,9,-1,0,0,0,0,0,0,10,5425.375,5845.166667,0,0.020851,0.214,1
descriptors_decoy_2.csv,10,-1,0,0,0,0,0,0,30,5491.625,8447.5,0,0.030649,0.727,0
descriptors_decoy_2.csv,11,-1,0,11.11,0,0,0,0,10,7284.5,12884,0,0.005899,0.294,0
descriptors_decoy_2.csv,12,-1,0,0,0,0,0,0,10,7449,7742.333333,0,0.059374,0.404,0
descriptors_decoy_2.csv,13,-1,0,0,0,0,0,0,60,7394.625,8025.833333,0,0.012079,-0.482,1
descriptors_decoy_2.csv,14,-1,0,0,0,0,0,0,30,5922,8234.666667,0,0,0.76,0
descriptors_decoy_2.csv,15,-1,0,0,0,0,0,0,30,7683.625,9206.833333,0,0.00739,0.299,0
descriptors_decoy_2.csv,16,-1,0,0,0,0,0,0,9.091,8939.444444,10192.28571,0,0.011735,0.209090909,1
descriptors_decoy_2.csv,17,-1,0,0,0,0,0,0,90.909,8125.888889,7569.571429,0,0.045631,-0.200909091,0
descriptors_decoy_2.csv,18,-1,0,0,0,0,0,0,63.636,6397.111111,8232.857143,0,0.039734,-0.132727273,0
descriptors_decoy_2.csv,19,-1,0,0,0,0,0,1,18.182,5631.666667,5581.571429,0,0.069844,0.934545455,0
descriptors_decoy_2.csv,20,-1,0,0,0,0,0,0,9.091,7554.666667,9106.285714,0,0.029647,0.46,0
descriptors_decoy_2.csv,21,-1,0,0,0,0,0,0,18.182,11202.77778,6011.285714,0,0.02443,0.732727273,0
descriptors_decoy_2.csv,22,-1,0,0,0,0,0,0,18.182,7646.555556,13155.14286,0,0.040611,0.040909091,0
descriptors_decoy_2.csv,23,-1,0,0,0,0,0,0,36.364,12955.55556,6550.571429,0,0.026489,-0.112727273,0.5
descriptors_decoy_2.csv,24,-1,0,0,0,0,0,0,18.182,9905.333333,8945,0,0.050081,0.254545455,1
descriptors_decoy_2.csv,25,-1,0,0,0,0,0,0,18.182,7941.444444,6450.571429,0,0.003568,0.521818182,0
descriptors_decoy_2.csv,26,-1,0,0,0,0,0,0,18.182,4021.111111,8500.285714,0,0.024653,0.420909091,0
descriptors_decoy_2.csv,27,-1,0,0,0,0,0,0.5,27.273,7997.777778,4637.571429,0,0.059727,-0.034545455,0.5
descriptors_decoy_2.csv,28,-1,0,0,0,0,0,0,27.273,10920.33333,7240.285714,0,0.030661,0.333636364,0
descriptors_decoy_2.csv,29,-1,0,0,0,0,0,0,18.182,9496.777778,9724.285714,0,0.071414,0.087272727,1
descriptors_decoy_2.csv,30,-1,0,0,0,0,0,0,9.091,12396.33333,4338.142857,0,0.002153,0.585454545,0
descriptors_decoy_2.csv,31,-1,0,0,0,0,0,0,9.091,10869.44444,5296.714286,0,0.044044,0.606363636,0
descriptors_decoy_2.csv,32,-1,0,0,0,0,0,0.5,45.455,10096.33333,10885.71429,0,0.04334,-0.158181818,0.5
descriptors_decoy_2.csv,33,-1,0,0,0,0,0,0,9.091,7721.777778,8783.428571,0,0.030441,0.676363636,0
descriptors_decoy_2.csv,34,-1,0,0,0,0,0,0,9.091,10961.66667,12352.14286,0,0.064078,0.11,0
descriptors_decoy_2.csv,35,-1,0,0,0,0,0,0,9.091,8356.555556,10164.42857,0,0.048057,0.025454545,0
descriptors_decoy_2.csv,36,-1,0,0,0,0,0,1,45.455,8665.111111,14412.28571,0,0.021241,-0.292727273,0
descriptors_decoy_2.csv,37,-1,0,0,0,0,0,0,9.091,14250.44444,10035.14286,0,0.059101,0.403636364,0
descriptors_decoy_2.csv,38,-1,0,0,0,0,0,1,8.333,10250.1,12842,0,0.037674,0.275833333,0
descriptors_decoy_2.csv,39,-1,0,0,0,0,0,0,16.667,10207.3,11167.5,0,0.017114,-0.120833333,0
descriptors_decoy_2.csv,40,-1,0,0,0,0,0,0,41.667,7573.5,9298,0,0.011963,0.166666667,0
descriptors_decoy_2.csv,41,-1,0,0,0,0,0,0,33.333,9928.9,10700.75,0,0.035943,0.359166667,0
descriptors_decoy_2.csv,42,-1,0,0,0,0,0,0,83.333,8983.3,9958.5,0,0.040762,-0.14,0
descriptors_decoy_2.csv,43,-1,0,0,0,0,0,0,8.333,9799.1,11925.25,0,0.01833,0.029166667,0
descriptors_decoy_2.csv,44,-1,0,0,0,0,0,0,16.667,6635.2,6679.375,0,0.051204,0.443333333,1
descriptors_decoy_2.csv,45,-1,0,0,0,0,0,0,8.333,7895.5,9009.875,0,0.03353,-0.1825,0
descriptors_decoy_2.csv,46,-1,0,0,0,0,0,1,16.667,13923.6,8922,0,0.035958,0.05,0
descriptors_decoy_2.csv,47,-1,0,0,0,0,0,0,58.333,10821.7,6859,0,0.01411,-0.624166667,0
descriptors_decoy_2.csv,48,-1,0,0,0,0,0,0,25,12046.2,9819,0,0.037718,0.2625,0
descriptors_decoy_2.csv,49,-1,0,0,0,0,0,0,8.333,12816.4,10849.375,0,0.037339,-0.1125,0.66668
descriptors_decoy_2.csv,50,-1,0,0,0,0,0,1,8.333,4019.2,5346.25,0,0.012765,0.585,0
descriptors_decoy_2.csv,51,-1,0,0,0,0,0,0,8.333,11152.7,9275.125,0,0.067435,-0.024166667,0
descriptors_decoy_2.csv,52,-1,0,0,0,0,0,0,25,6111.6,7485.25,0,0.018343,-0.37,0
descriptors_decoy_2.csv,53,-1,0,0,0,0,0,0,16.667,9023.1,11135.875,0,0.039779,0.274166667,0.5
descriptors_decoy_2.csv,54,-1,0,0,0,0,0,0,8.333,17086.9,11614.25,0,0.070894,0.1525,0
descriptors_decoy_2.csv,55,-1,0,0,0,0,0,0,8.333,10495.3,11066.5,0,0.009232,0.056666667,0
descriptors_decoy_2.csv,56,-1,0,0,0,0,0,0,16.667,11195.2,9035.875,0,0.004245,0.73,0
descriptors_decoy_2.csv,57,-1,0,9.09,0,0,0,1,25,14260.4,11336.75,0,0.066082,0.47,0
descriptors_decoy_2.csv,58,-1,0,0,0,0,0,1,16.667,7957.9,9499.625,0,0.011941,0.195,0
descriptors_decoy_2.csv,59,-1,0,0,0,0,0,1,33.333,10277.6,9843.5,0,0.079274,0.386666667,0
descriptors_decoy_2.csv,60,-1,0,0,0,0,0,0,25,14180.6,9161.75,0,0.028414,0.055,0
descriptors_decoy_2.csv,61,-1,0,0,0,0,0,0,75,12590.7,7766.875,0,0.024377,-0.594166667,0
descriptors_decoy_2.csv,62,-1,0,0,0,0,0,1,16.667,14441.6,12971.5,0,0.013513,0.080833333,0
descriptors_decoy_2.csv,63,-1,0,0,0,0,0,0,16.667,15303.2,11497.75,0,0.011101,0.53,0
descriptors_decoy_2.csv,64,-1,0,0,0,0,0,1,8.333,5268.3,5125.625,0,0.068658,0.2875,0
descriptors_decoy_2.csv,65,-1,0,0,0,0,0,0,8.333,10543.9,5297.125,0,0.069024,0.338333333,0
descriptors_decoy_2.csv,66,-1,0,0,0,0,0,1,16.667,6297.1,11690.75,0,0.055997,0.800833333,0
descriptors_decoy_2.csv,67,-1,0,0,0,0,0,0,41.667,11836.3,12695.625,0,0.030716,0.141666667,0
descriptors_decoy_2.csv,68,-1,0,0,0,0,0,0,7.692,10284.45455,11694.11111,0,0.062209,-0.178461538,0
descriptors_decoy_2.csv,69,-1,0,0,0,0,0,0,23.077,7675.727273,3889,0,0.032074,0.635384615,0
descriptors_decoy_2.csv,70,-1,0,0,0,0,0,0,7.692,11176.72727,12030.88889,0,0.036644,-0.045384615,0.5
descriptors_decoy_2.csv,71,-1,0,0,0,0,0,0,23.077,6004.272727,9280.555556,0,0.057088,0.347692308,0
descriptors_decoy_2.csv,72,-1,0,0,0,0,0,0,15.385,11070.63636,10832.22222,0,0.042676,0.449230769,1
descriptors_decoy_2.csv,73,-1,0,0,0,0,0,0,23.077,7555,7486.888889,0,0.017876,0.718461538,0
descriptors_decoy_2.csv,74,-1,0,0,0,0,0,0.5,23.077,9774.545455,8681.777778,0,0.040436,0.439230769,1
descriptors_decoy_2.csv,75,-1,0,0,0,0,0,0,84.615,6805,7487.666667,0,0.069214,-0.537692308,0
descriptors_decoy_2.csv,76,-1,0,0,0,0,0,0,15.385,15874.90909,16343.66667,0,0.054311,0.438461538,0
descriptors_decoy_2.csv,77,-1,0,0,0,0,0,1,7.692,7742.909091,12435.44444,0,0.058937,0.199230769,0
descriptors_decoy_2.csv,78,-1,0,0,0,0,0,0,23.077,9414.818182,14142.22222,0,0.057665,0.293076923,0
descriptors_decoy_2.csv,79,-1,0,0,0,0,0,1,15.385,12930.72727,5095.888889,0,0.006978,0.574615385,0
descriptors_decoy_2.csv,80,-1,0,0,0,0,0,0,35.714,7153.083333,6791.1,0,0.072639,0.780714286,0
descriptors_decoy_2.csv,81,-1,0,0,0,0,0,0,21.429,11457.41667,7815.2,0,0.061931,0.577857143,0
descriptors_decoy_2.csv,82,-1,0,0,0,0,0,1,21.429,5646.333333,7214.4,0,0.023949,0.687142857,0
descriptors_decoy_2.csv,83,-1,0,0,0,0,0,0,28.571,12168.66667,6169.5,0,0.086847,0.471428571,0
descriptors_decoy_2.csv,84,-1,0,0,0,0,0,1,28.571,6938.666667,6544.4,0,0.043712,-0.303571429,0
descriptors_decoy_2.csv,85,-1,0,0,0,0,0,0,21.429,10698.25,6732.6,0,0.057956,0.677857143,0
descriptors_decoy_2.csv,86,-1,0,0,0,0,0,1,28.571,12941.08333,7847.6,0,0.057003,0.066428571,0
descriptors_decoy_2.csv,87,-1,0,0,0,0,0,0,21.429,7966.75,13229.2,0,0.075865,0.587142857,0
descriptors_decoy_2.csv,88,-1,0,7.69,0,0,0,0,42.857,10963.08333,10006.1,0,0.048387,0.409285714,0
descriptors_decoy_2.csv,89,-1,0,0,0,0,0,0,7.143,7207.583333,8222.9,0,0.050584,0.022857143,0
descriptors_decoy_2.csv,90,-1,0,0,0,0,0,0,28.571,9487.666667,5338.3,0,0.016078,0.411428571,1
descriptors_decoy_2.csv,91,-1,0,0,0,0,0,0,42.857,10166.33333,9800.2,0,0.041973,0.211428571,0
descriptors_decoy_2.csv,92,-1,0,0,0,0,0,0,28.571,11635.75,8039.5,0,0.087842,-0.562142857,0
descriptors_decoy_2.csv,93,-1,0,0,0,0,0,0,28.571,9932.166667,7285.9,0,0.08847,0.462857143,0
descriptors_decoy_2.csv,94,-1,0,0,0,0,0,0,21.429,9704.666667,11467,0,0.082522,0.47,0
descriptors_decoy_2.csv,95,-1,0,0,0,0,0,0,14.286,6844.916667,9517.2,0,0.03898,-0.282142857,0
descriptors_decoy_2.csv,96,-1,0,0,0,0,0,0,14.286,11674.33333,7022.7,0,0.02522,0.05,0
descriptors_decoy_2.csv,97,-1,0,0,0,0,0,0,92.857,12005.75,6147.4,0,0.017341,-0.625,0
descriptors_decoy_2.csv,98,-1,0,0,0,0,0,1,7.143,13507.66667,6813.2,0,0.070931,0.323571429,0
descriptors_decoy_2.csv,99,-1,0,0,0,0,0,0,33.333,7366.692308,9728.636364,0,0.072243,0.358,0.5
descriptors_decoy_2.csv,100,-1,0,0,0,0,0,0,33.333,9560.307692,7800.909091,0,0.063537,0.301333333,0
descriptors_decoy_2.csv,101,-1,0,0,0,0,0,1,6.667,7968,10648.18182,0,0.057058,0.289333333,0
descriptors_decoy_2.csv,102,-1,0,0,0,0,0,0,20,6421.307692,7953.181818,0,0.051721,0.870666667,0
descriptors_decoy_2.csv,103,-1,0,0,0,0,0,0,26.667,6204.923077,4722.727273,0,0.083816,0.421333333,0
descriptors_decoy_2.csv,104,-1,0,0,0,0,0,0.25,80,11808.23077,6796.454545,0,0.076939,-0.392666667,0.749990625
descriptors_decoy_2.csv,105,-1,0,0,0,0,0,0,6.667,14995.38462,8085.545455,0,0.06442,-0.116,0.66665
descriptors_decoy_2.csv,106,-1,0,0,0,0,0,1,13.333,5695.461538,4959.727273,0,0.069341,0.552,0
descriptors_decoy_2.csv,107,-1,0,0,0,0,0,0,0,2152.846154,3737.181818,0,0.084138,-0.645333333,1
descriptors_decoy_2.csv,108,-1,0,0,0,0,0,0,6.667,12172.38462,13369.09091,0,0.084753,0.179333333,0
descriptors_decoy_2.csv,109,-1,0,0,0,0,0,1,33.333,5857.230769,7012.272727,0,0.031402,0.690666667,0
descriptors_decoy_2.csv,110,-1,0,0,0,0,0,0,13.333,9921.846154,10510.81818,0,0.037975,0.216666667,0
descriptors_decoy_2.csv,111,-1,0,0,0,0,0,0,33.333,9542.461538,8429.545455,0,0.081058,0.356666667,0
descriptors_decoy_2.csv,112,-1,0,0,0,0,0,0,40,9995.538462,11866,0,0.037444,0.162,0
descriptors_decoy_2.csv,113,-1,0,0,0,0,0,0,13.333,10897.53846,12875.72727,0,0.043337,0.453333333,0
descriptors_decoy_2.csv,114,-1,0,0,0,0,0,1,20,5636.846154,3729.636364,0,0.05084,0.862666667,0
descriptors_decoy_2.csv,115,-1,0,0,0,0,0,0,40,4450.076923,7181.363636,0,0.036947,-0.402,0
descriptors_decoy_2.csv,116,-1,0,0,0,0,0,0,18.75,12700.64286,11702.83333,0,0.048964,0.604375,0
descriptors_decoy_2.csv,117,-1,0,0,0,0,0,0,18.75,6213.357143,4290.333333,0,0.090748,0.916875,0
descriptors_decoy_2.csv,118,-1,0,0,0,0,0,0,12.5,5243.642857,6510.666667,0,0.053772,0.80375,0
descriptors_decoy_2.csv,119,-1,0,0,0,0,0,0.333333333,87.5,8761.285714,7954.5,0,0.023793,-0.405625,0.5
descriptors_decoy_2.csv,120,-1,0,0,0,0,0,0,18.75,6946.785714,5354.583333,0,0.053029,0.28375,1
descriptors_decoy_2.csv,121,-1,0,0,0,0,0,0,37.5,9744.571429,10667.75,0,0.097223,-0.321875,0
descriptors_decoy_2.csv,122,-1,0,0,0,0,0,0,12.5,10284.85714,7232.25,0,0.051993,0.0075,0.666666667
descriptors_decoy_2.csv,123,-1,0,0,0,0,0,0,93.75,7830.928571,8444.916667,0,0.055927,-0.518125,0
descriptors_decoy_2.csv,124,-1,0,0,0,0,0,0.666666667,43.75,10629,9471.333333,0,0.070291,0.286875,1
descriptors_decoy_2.csv,125,-1,0,0,0,0,0,0,31.25,9876.071429,10934.41667,0,0.065952,0.734375,0
descriptors_decoy_2.csv,126,-1,0,0,0,0,0,0,50,7121.428571,7974.5,0,0.039361,-0.349375,0
descriptors_decoy_2.csv,127,-1,0,6.67,0,0,0,0,37.5,8556.785714,8427.416667,0,0.071166,0.5575,0
descriptors_decoy_2.csv,128,-1,0,0,0,0,0,0,17.647,5220.533333,4376,0,0.059722,0.586470588,1
descriptors_decoy_2.csv,129,-1,0,0,0,0,0,0.333333333,35.294,13475.8,6888.307692,0,0.064497,0.2,1
descriptors_decoy_2.csv,130,-1,0,0,0,0,0,0.2,82.353,7089.266667,6934.076923,0,0.071443,-0.7,0.666657222
descriptors_decoy_2.csv,131,-1,0,0,0,0,0,1,88.235,7797.333333,8923,0,0.053319,-0.224705882,0
descriptors_decoy_2.csv,132,-1,0,0,0,0,0,0,17.647,10042.13333,8150.846154,0,0.030285,0.313529412,0
descriptors_decoy_2.csv,133,-1,0,0,0,0,0,0,29.412,11333.4,7135.692308,0,0.041326,-0.386470588,0.5
descriptors_decoy_2.csv,134,-1,0,0,0,0,0,0,29.412,9650.866667,8282.153846,0,0.045153,0.082352941,1
descriptors_decoy_2.csv,135,-1,0,0,0,0,0,0,41.176,11024.2,8765.692308,0,0.068275,0.032941176,0
descriptors_decoy_2.csv,136,-1,0,0,0,0,0,0,17.647,8148.4,7086.384615,0,0.066872,0.464705882,1
descriptors_decoy_2.csv,137,-1,0,0,0,0,0,1,22.222,7205.5625,6676.142857,0,0.033457,0.739444444,0
descriptors_decoy_2.csv,138,-1,0,0,0,0,0,1,16.667,5346,5287.642857,0,0.051173,0.661666667,0
descriptors_decoy_2.csv,139,-1,0,0,0,0,0,0,16.667,11381.4375,9797.142857,0,0.055695,0.380555556,0
descriptors_decoy_2.csv,140,-1,0,0,0,0,0,0,38.889,10026.9375,8435.214286,0,0.017601,-0.171111111,0
descriptors_decoy_2.csv,141,-1,0,0,0,0,0,1,33.333,7288,5941.071429,0,0.056282,0.592777778,0
descriptors_decoy_2.csv,142,-1,0,0,0,0,0,1,22.222,8466.875,6648.214286,0,0.060351,0.374444444,0
descriptors_decoy_2.csv,143,-1,0,0,0,0,0,0.5,27.778,4317.9375,4613.357143,0,0.079232,0.711111111,1
descriptors_decoy_2.csv,144,-1,0,0,0,0,0,1,16.667,4531.125,7708.857143,0,0.042627,0.628333333,0
descriptors_decoy_2.csv,145,-1,0,0,0,0,0,0,27.778,13308.75,12310,0,0.0728,0.636666667,1
descriptors_decoy_2.csv,146,-1,0,0,0,0,0,0,21.053,9036.705882,4086.333333,0,0.025239,0.752631579,1
descriptors_decoy_2.csv,147,-1,0,0,0,0,0,0,31.579,11388.11765,11603.8,0,0.038843,0.048947368,0
descriptors_decoy_2.csv,148,-1,0,0,0,0,0,0,10.526,7281.705882,6548.8,0,0.040818,-0.406315789,0
descriptors_decoy_2.csv,149,-1,0,0,0,0,0,0,26.316,11343.35294,8723.133333,0,0.007831,0.058947368,0
descriptors_decoy_2.csv,150,-1,0,5.56,0,0,0,0,26.316,3630.764706,4747.733333,0,0.058775,0.893157895,0
descriptors_decoy_2.csv,151,-1,0,0,0,0,0,0,31.579,5068,6339.066667,0,0.062825,0.731052632,0
descriptors_decoy_2.csv,152,-1,0,0,0,0,0,0,36.842,9279.117647,9033.933333,0,0.056615,-0.273684211,0
descriptors_decoy_2.csv,153,-1,0,0,0,0,0,1,36.842,14686.76471,13158.33333,0,0.033799,0.51,0
descriptors_decoy_2.csv,154,-1,0,0,0,0,0,0,15.789,11356.58824,10489.73333,0,0.046695,0.072631579,0
descriptors_decoy_2.csv,155,-1,0,0,0,0,0,1,21.053,9707.647059,12895.6,0,0.069874,0.743157895,0
descriptors_decoy_2.csv,156,-1,0,0,0,0,0,0,25,5668.111111,8251.4375,0,0.048867,0.7615,1
descriptors_decoy_2.csv,157,-1,0,0,0,0,0,0,20,8489.888889,6210.4375,0,0.045586,-0.1535,0
descriptors_decoy_2.csv,158,-1,0,0,0,0,0,0,20,10931.38889,7587.4375,0,0.042073,-0.044,0
descriptors_decoy_2.csv,159,-1,0,0,5.26,0,0,1,15,8751.277778,6927.0625,0,0.060447,0.402,0
descriptors_decoy_2.csv,160,-1,0,0,0,0,0,1,25,9022.611111,9372.625,0,0.067021,0.296,0
descriptors_decoy_2.csv,161,-1,0,0,0,0,0,0,35,9314.944444,7240.6875,0,0.050997,0.5225,0
descriptors_decoy_2.csv,162,-1,0,0,0,0,0,0.5,50,8825.777778,11247.25,0,0.06421,0.376,0.5
descriptors_decoy_2.csv,163,-1,0,0,0,0,0,0,10,6865.722222,7172.1875,0,0.02955,0.192,0
descriptors_decoy_2.csv,164,-1,0,0,5.26,0,0,0.25,25,10750.55556,8265.125,0,0.05404,-0.049,0.6
descriptors_decoy_2.csv,165,-1,0,0,0,0,0,0,20,10675.44444,10740.5625,0,0.06057,0.2645,0
descriptors_decoy_2.csv,166,-1,0,0,0,0,0,0,35,6910.5,5310.375,0,0.062062,0.411,0
descriptors_decoy_2.csv,167,-1,0,0,0,0,0,0,23.81,10044.73684,9077.117647,0,0.054707,0.333809524,0
descriptors_decoy_2.csv,168,-1,0,0,0,0,0,0,23.81,8846.578947,10198.88235,0,0.075099,0.756190476,0
descriptors_decoy_2.csv,169,-1,0,0,0,0,0,0.333333333,38.095,7911.736842,10740.35294,0,0.053401,0.540952381,1
descriptors_decoy_2.csv,170,-1,0,0,0,0,0,0,28.571,8400.421053,7046.352941,0,0.048248,0.577142857,1
descriptors_decoy_2.csv,171,-1,0,0,0,0,0,0,42.857,9480.473684,8335.470588,0,0.033204,0.088571429,0
descriptors_decoy_2.csv,172,-1,0,0,0,0,0,0,28.571,11664.42105,8669.823529,0,0.045673,0.426666667,0
descriptors_decoy_2.csv,173,-1,0,0,0,0,0,0,14.286,9568.736842,9150.058824,0,0.061486,0.194285714,1
descriptors_decoy_2.csv,174,-1,0,5,0,0,0,1,33.333,9513,11270.47059,0,0.053873,0.326666667,0
descriptors_decoy_2.csv,175,-1,0,0,0,0,0,1,28.571,6888.315789,5670.529412,0,0.043702,0.485714286,0
descriptors_decoy_2.csv,176,-1,0,0,0,0,0,1,47.619,10078.21053,9375.352941,0,0.072903,0.28952381,0
descriptors_decoy_2.csv,177,-1,0,0,0,0,0,0,38.095,8467.052632,9343.705882,0,0.032964,-0.169047619,0
descriptors_decoy_2.csv,178,-1,0,0,5,0,0,0,4.762,9708.263158,7564.058824,0,0.068371,-0.090952381,0.333333333
descriptors_decoy_2.csv,179,-1,0,0,0,0,0,1,28.571,8873.315789,9051.352941,0,0.056604,0.583809524,0
descriptors_decoy_2.csv,180,-1,0,0,0,0,0,0.75,23.81,7331.421053,10652.29412,0,0.051949,0.468095238,1
descriptors_decoy_2.csv,181,-1,0,0,0,0,0,0,31.818,11796.05,11111.55556,0,0.053916,0.631818182,0
descriptors_decoy_2.csv,182,-1,0,4.76,0,0,0,0,18.182,10264.4,9226.333333,0,0.04123,0.499090909,0
descriptors_decoy_2.csv,183,-1,0,0,0,0,0,1,36.364,4979.2,6823.722222,0,0.071846,0.515,0
descriptors_decoy_2.csv,184,-1,0,0,0,0,0,0,36.364,8755.35,8388.833333,0,0.045868,0.098636364,0
descriptors_decoy_2.csv,185,-1,0,0,0,0,4.76,1,27.273,9536.3,7837.222222,0,0.051425,0.650454545,0
descriptors_decoy_2.csv,186,-1,0,0,0,0,0,0,22.727,8443.45,9031.888889,0,0.040017,0.157272727,0
descriptors_decoy_2.csv,187,-1,0,0,0,0,0,0,22.727,9984.15,7565.5,0,0.055885,0.765454545,0
descriptors_decoy_2.csv,188,-1,0,0,0,0,0,0,22.727,13122.95,6211.444444,0,0.061839,-0.170909091,0.1999824
descriptors_decoy_2.csv,189,-1,0,0,0,0,0,0.666666667,22.727,10004,6967.111111,0,0.050852,0.536363636,1
descriptors_decoy_2.csv,190,-1,0,0,0,0,0,0,22.727,8001.2,5939,0,0.048667,0.597727273,0
descriptors_decoy_2.csv,191,-1,0,0,0,0,0,1,36.364,10032.85,7692.333333,0,0.059228,0.361363636,0
descriptors_decoy_2.csv,192,-1,0,0,0,0,0,1,31.818,7223.75,9831.055556,0,0.066103,0.369090909,0
descriptors_decoy_2.csv,193,-1,0,0,0,4.76,0,0,22.727,12785.4,11874.88889,0,0.063725,-0.077727273,0.333308888
descriptors_decoy_2.csv,194,-1,0,0,0,0,0,1,22.727,8314.5,8516.944444,0,0.073881,0.804545455,0
descriptors_decoy_2.csv,195,-1,0,0,0,0,0,0,27.273,10683.2,9629.5,0,0.043396,0.513181818,0
descriptors_decoy_2.csv,196,-1,0,4.55,0,0,0,1,30.435,6485.142857,7658.684211,0,0.051808,0.708695652,0
descriptors_decoy_2.csv,197,-1,0,0,0,0,0,0,26.087,5802.380952,7698.473684,0,0.065208,0.629565217,1
descriptors_decoy_2.csv,198,-1,0,0,0,0,0,0,39.13,8060.238095,8793.894737,0,0.056666,0.28173913,0
descriptors_decoy_2.csv,199,-1,4.55,4.55,0,0,0,1,13.043,10954.90476,11245.21053,0,0.052966,0.620869565,0
descriptors_decoy_2.csv,200,-1,0,0,0,0,0,0.666666667,17.391,8334.761905,8701.684211,0,0.06971,0.370434783,1
descriptors_decoy_2.csv,201,-1,0,0,0,0,0,1,34.783,8472.095238,6944,0,0.052266,-0.339565217,0
descriptors_decoy_2.csv,202,-1,0,4.55,0,0,0,0.666666667,26.087,5699.52381,9302.421053,0,0.065105,0.754782609,1
descriptors_decoy_2.csv,203,-1,0,0,0,0,0,1,26.087,14130.61905,12660,0,0.053681,0.524347826,0
descriptors_decoy_2.csv,204,-1,0,0,0,0,0,1,21.739,8255.285714,7670.368421,0,0.054302,0.754782609,0
descriptors_decoy_2.csv,205,-1,0,0,0,0,0,0,21.739,9642.238095,8838.473684,0,0.043251,-0.096086957,0.333333333
descriptors_decoy_2.csv,206,-1,0,0,0,0,0,1,21.739,11690.61905,9710.947368,0,0.052655,0.503913043,0
descriptors_decoy_2.csv,207,-1,0,0,0,0,0,0,25,10020.04545,5801.8,0,0.040524,0.513333333,1
descriptors_decoy_2.csv,208,-1,0,0,0,0,0,1,29.167,6237,5450.55,0,0.0521,0.6625,0
descriptors_decoy_2.csv,209,-1,0,0,0,0,0,0.666666667,16.667,12235.22727,11083.25,0,0.037266,0.49875,1
descriptors_decoy_2.csv,210,-1,0,0,0,0,0,0.5,29.167,7224.727273,9120.25,0,0.039981,0.176666667,1
descriptors_decoy_2.csv,211,-1,0,0,0,0,0,1,33.333,5996.681818,6090.15,0,0.069999,0.6475,0
descriptors_decoy_2.csv,212,-1,0,4.35,0,0,0,1,37.5,10261.95455,8903.3,0,0.054361,0.489166667,0
descriptors_decoy_2.csv,213,-1,0,0,0,0,0,0,25,7131.954545,10557.4,0,0.052447,0.59875,0
descriptors_decoy_2.csv,214,-1,0,0,0,0,0,0.666666667,8.333,8148.636364,7290.55,0,0.061547,0.050833333,0.33336
descriptors_decoy_2.csv,215,-1,0,0,0,0,0,0,20.833,10628.77273,13730,0,0.052626,0.036666667,0
descriptors_decoy_2.csv,216,-1,4.35,4.35,0,0,4.35,0,25,9518.181818,12178.9,0,0.054448,0.460833333,1
descriptors_decoy_2.csv,217,-1,0,0,0,0,0,0,37.5,8445.590909,7563.85,0,0.060278,0.6225,0
descriptors_decoy_2.csv,218,-1,0,0,0,0,0,0.666666667,16,10733.13043,10514.04762,0,0.067,0.4308,1
descriptors_decoy_2.csv,219,-1,0,0,0,0,0,1,20,8198.956522,9797.047619,0,0.054182,0.2604,0
descriptors_decoy_2.csv,220,-1,0,0,0,0,0,1,32,8109.347826,4830.666667,0,0.049054,0.506,0
descriptors_decoy_2.csv,221,-1,0,0,0,0,0,0,20,8850.826087,9464.333333,0,0.042898,0.0672,0
descriptors_decoy_2.csv,222,-1,0,0,0,0,0,0.8,32,8258.130435,8511.47619,0,0.031774,0.5868,1
descriptors_decoy_2.csv,223,-1,0,0,0,0,0,0.666666667,36,6650.173913,6606.857143,0,0.052991,0.646,1
descriptors_decoy_2.csv,224,-1,0,0,0,0,0,1,24,8171.304348,5071,0,0.040334,0.6048,0
descriptors_decoy_2.csv,225,-1,0,0,0,0,0,0.5,28,10770.6087,9991.047619,0,0.051454,0.4252,1
descriptors_decoy_2.csv,226,-1,0,0,0,0,0,0,20,9546.304348,9457.380952,0,0.040614,-0.3168,0
descriptors_decoy_2.csv,227,-1,0,0,0,0,0,0.5,12,8868.478261,10671.09524,0,0.032659,0.3708,0.5
descriptors_decoy_2.csv,228,-1,0,0,0,0,0,0.5,46.154,7510.291667,7429.227273,0,0.056809,0.459230769,0.5
descriptors_decoy_2.csv,229,-1,4,0,0,0,0,0,42.308,9206.416667,10247,0,0.048973,0.394230769,1
descriptors_decoy_2.csv,230,-1,0,0,0,0,0,0.666666667,23.077,8254.083333,9497.772727,0,0.04859,0.356538462,0.333333333
descriptors_decoy_2.csv,231,-1,0,0,0,0,0,1,19.231,5721.25,4754,0,0.054889,0.754230769,0
descriptors_decoy_2.csv,232,-1,0,0,0,0,0,1,25.926,9286.6,8093.217391,0,0.060518,0.492962963,0
descriptors_decoy_2.csv,233,-1,0,0,0,0,0,0.25,33.333,9110.04,6855.652174,0,0.052208,0.41037037,1
descriptors_decoy_2.csv,234,-1,0,0,0,0,3.85,1,33.333,7851.84,8780.347826,0,0.054684,0.208888889,0
descriptors_decoy_2.csv,235,-1,0,0,3.85,0,0,0.25,18.519,6978.52,11474.08696,0,0.071144,0.287777778,1
descriptors_decoy_2.csv,236,-1,0,3.85,0,0,0,1,18.519,9820.52,9546.565217,0,0.042135,0.606666667,0
descriptors_decoy_2.csv,237,-1,0,0,0,0,3.85,0.25,40.741,5286.96,5779.26087,0,0.053413,0.52037037,1
descriptors_decoy_2.csv,238,-1,0,0,0,0,0,0,29.63,9183.24,7130.086957,0,0.057735,0.383703704,0
descriptors_decoy_2.csv,239,-1,0,0,0,0,0,1,21.429,11005,9553.875,0,0.052365,0.0825,0
descriptors_decoy_2.csv,240,-1,0,0,0,0,0,0,32.143,6435.192308,6384.375,0,0.059472,0.565357143,1
descriptors_decoy_2.csv,241,-1,0,0,0,0,0,1,25,9574.615385,6152.666667,0,0.054204,0.536071429,0
descriptors_decoy_2.csv,242,-1,0,0,0,0,0,1,21.429,9570.307692,6747.541667,0,0.043514,0.548571429,0
descriptors_decoy_2.csv,243,-1,0,0,0,0,0,1,21.429,11975.73077,6161.125,0,0.060814,0.471071429,0
descriptors_decoy_2.csv,244,-1,0,0,0,0,0,0,21.429,6379.423077,5110.208333,0,0.044927,0.659642857,0.5
descriptors_decoy_2.csv,245,-1,0,0,0,0,0,1,32.143,7370,7397.708333,0,0.060618,0.748928571,0
descriptors_decoy_2.csv,246,-1,0,3.57,0,0,0,1,27.586,9145.333333,9785.6,0,0.058349,0.20862069,0
descriptors_decoy_2.csv,247,-1,0,0,0,0,0,0.333333333,20.69,9232.814815,8928.32,0,0.046467,0.455862069,1
descriptors_decoy_2.csv,248,-1,0,0,0,0,0,0.5,31.034,12993.88889,13230.48,0,0.044902,0.231034483,0.249981875
descriptors_decoy_2.csv,249,-1,0,0,0,0,0,1,24.138,10159.59259,9742.52,0,0.039639,0.624137931,0
descriptors_decoy_2.csv,250,-1,0,0,0,0,0,0.666666667,26.667,4021.857143,6241,0,0.04334,0.630333333,0.5
descriptors_decoy_2.csv,251,-1,0,0,0,0,0,0.5,23.333,7112.642857,7826.153846,0,0.043014,0.424666667,0.5
descriptors_decoy_2.csv,252,-1,3.45,0,0,0,0,0.5,26.667,10667.39286,10750.15385,0,0.038152,0.375666667,0.3333
descriptors_decoy_2.csv,253,-1,3.45,0,0,0,0,0.6,16.667,9056.678571,12261.07692,0,0.050354,0.245333333,0.6667
descriptors_decoy_2.csv,254,-1,0,0,0,0,0,0.333333333,26.667,11596.64286,9376.538462,0,0.050286,0.512666667,1
descriptors_decoy_2.csv,255,-1,0,0,0,0,0,0.4,16.667,8267.035714,6487.076923,0,0.04614,0.042333333,0.5
descriptors_decoy_2.csv,256,-1,0,0,0,3.33,0,0.5,41.935,7056.551724,7497.333333,0.002122,0.050363,0.350967742,1
descriptors_decoy_2.csv,257,-1,0,0,0,0,0,1,22.581,8199.344828,8753.740741,0.000703,0.044422,0.496129032,0
descriptors_decoy_2.csv,258,-1,0,0,0,0,0,0,29.032,7925.344828,8529.333333,0.00204,0.046227,0.326774194,1
descriptors_decoy_2.csv,259,-1,0,0,0,0,0,0.5,19.355,11382.93103,8723.074074,0.002063,0.042797,0.341935484,0.5
descriptors_decoy_2.csv,260,-1,0,0,0,0,0,0,21.875,11861.56667,10882,0.004911,0.042162,0.2978125,0.5
descriptors_decoy_2.csv,261,-1,0,0,0,0,0,0,34.375,9170.7,8047.571429,0.000787,0.032285,0.370625,0.5
descriptors_decoy_2.csv,262,-1,0,0,0,0,0,0,25,11928.7,11414.89286,0.003131,0.045998,0.4878125,1
descriptors_decoy_2.csv,263,-1,0,0,0,0,0,0.5,28.125,5975.8,6998.107143,0.003616,0.04773,0.2315625,0.4
descriptors_decoy_2.csv,264,-1,0,0,0,0,0,0,21.875,8791.133333,8217.428571,0.003063,0.051373,0.244375,0.333333333
descriptors_decoy_2.csv,265,-1,0,0,0,0,0,1,21.875,6342.266667,5975.642857,0.000139,0.065664,0.8228125,0
descriptors_decoy_2.csv,266,-1,0,0,0,0,0,0,34.375,10220.33333,10823.89286,0.005005,0.039974,0.4740625,0.666666667
descriptors_decoy_2.csv,267,-1,0,0,0,0,3.13,0,39.394,7583.83871,7448.103448,0.007681,0.040018,0.294848485,0.5
descriptors_decoy_2.csv,268,-1,0,0,0,0,0,1,12.121,8633.903226,9829.862069,0.00526,0.042987,0.287575758,0
descriptors_decoy_2.csv,269,-1,0,0,0,0,0,1,21.212,13026.29032,11818.31034,0.002303,0.042226,0.399393939,0
descriptors_decoy_2.csv,270,-1,0,0,0,0,0,0.2,21.212,10060.35484,9512.689655,0.005454,0.047489,0.304242424,1
descriptors_decoy_2.csv,271,-1,0,0,0,0,0,0.75,21.212,12464.19355,7656.965517,0.010228,0.042312,0.303333333,1
descriptors_decoy_2.csv,272,-1,0,0,0,0,0,0.5,18.182,10565.48387,7105.931034,0.010891,0.032522,0.407878788,1
descriptors_decoy_2.csv,273,-1,0,0,0,0,0,0,17.647,6271.46875,4008.333333,0.008699,0.039608,0.504705882,0.5
descriptors_decoy_2.csv,274,-1,0,0,0,0,0,0,25.714,8042.818182,7209.096774,0.010854,0.043302,0.356571429,0
descriptors_decoy_2.csv,275,-1,0,0,0,0,0,0.5,34.286,8527.848485,9769.612903,0.01128,0.037416,0.377714286,0.25
descriptors_decoy_2.csv,276,-1,0,0,0,0,0,0,16.667,11738.79412,10917.875,0.007859,0.024465,0.065,0
descriptors_decoy_2.csv,277,-1,0,0,0,0,0,0.5,21.622,7966.514286,8540.636364,0.01205,0.0414,0.495945946,0.333374445
descriptors_decoy_2.csv,278,-1,0,0,0,2.78,0,0,24.324,11510,10911.78788,0.007435,0.047567,0.289189189,1
descriptors_decoy_2.csv,279,-1,0,0,0,0,0,0.8,34.211,8505.333333,8423.029412,0.013131,0.031778,0.532105263,1
descriptors_decoy_2.csv,280,-1,0,0,0,0,0,1,20.513,8592.864865,7298.771429,0.010468,0.045044,0.645897436,0
descriptors_decoy_2.csv,281,-1,0,0,0,0,2.63,1,25.641,11006.16216,6963.485714,0.012644,0.029396,0.600769231,0
descriptors_decoy_2.csv,282,-1,0,0,0,0,0,0.5,28.205,8963.837838,7352,0.013488,0.046327,0.215641026,0.25
descriptors_decoy_2.csv,283,-1,0,2.63,0,0,0,0,30.769,8913.864865,7290.2,0.01145,0.033323,0.386153846,0
descriptors_decoy_2.csv,284,-1,0,0,0,0,0,0.5,20.455,11118.38095,9304.225,0.016271,0.042811,0.272954545,0.333382224
descriptors_decoy_2.csv,285,-1,0,0,0,0,0,0.4,21.277,8845.422222,8214.860465,0.017421,0.045113,0.229787234,0.5
descriptors_decoy_2.csv,286,-1,0,0,0,0,6.25,0.75,34.694,9122.106383,8980.311111,0.019222,0.042344,0.264693878,0.250030626
