seqIndex,netCharge,FC,LW,DP,NK,AE,pcMK,_SolventAccessibilityD1025,tau2_GRAR740104,tau4_GRAR740104,QSO50_GRAR740104,QSO29_GRAR740104,meanEisenbergHydrophobicity,K_KR
1,0.0,0.0,0.0,0.0,0.0,0.0,0.0,50.0,12043.5,12704.1666667,0.0,0.044671,0.14,1.0
2,1.0,0.0,0.0,0.0,0.0,0.0,0.0,30.0,7477.625,7400.33333333,0.0,0.001974,0.059,0.0
3,0.0,0.0,0.0,0.0,0.0,0.0,0.0,10.0,9059.25,10972.3333333,0.0,0.0,0.055,0.0
4,0.0,0.0,0.0,0.0,0.0,0.0,0.0,20.0,12629.25,10663.5,0.0,0.0,0.638,0.0
5,0.0,0.0,0.0,0.0,0.0,0.0,0.0,40.0,6488.75,6048.16666667,0.0,0.010277,0.274,0.0
6,-2.0,0.0,0.0,0.0,0.0,0.0,0.0,90.0,9902.375,6401.16666667,0.0,0.016995,-0.306,1.0
7,3.0,0.0,0.0,0.0,0.0,0.0,0.333333333333,20.0,8246.0,4668.83333333,0.0,0.034886,-0.077,0.666666666667
8,0.0,0.0,0.0,0.0,0.0,0.0,0.0,10.0,11967.375,13344.1666667,0.0,0.039628,0.183,0.0
9,2.0,0.0,0.0,0.0,0.0,0.0,0.0,10.0,5425.375,5845.16666667,0.0,0.020851,0.214,1.0
10,0.0,0.0,0.0,0.0,0.0,0.0,0.0,30.0,5491.625,8447.5,0.0,0.030649,0.727,0.0
11,1.0,0.0,11.11,0.0,0.0,0.0,0.0,10.0,7284.5,12884.0,0.0,0.005899,0.294,0.0
12,0.0,0.0,0.0,0.0,0.0,0.0,0.0,10.0,7449.0,7742.33333333,0.0,0.059374,0.404,0.0
13,-1.0,0.0,0.0,0.0,0.0,0.0,0.0,60.0,7394.625,8025.83333333,0.0,0.012079,-0.482,1.0
14,0.0,0.0,0.0,0.0,0.0,0.0,0.0,30.0,5922.0,8234.66666667,0.0,0.0,0.76,0.0
15,0.0,0.0,0.0,0.0,0.0,0.0,0.0,30.0,7683.625,9206.83333333,0.0,0.00739,0.299,0.0
16,1.0,0.0,0.0,0.0,0.0,0.0,0.0,9.091,8939.44444444,10192.2857143,0.0,0.011735,0.209090909091,1.0
17,1.0,0.0,0.0,0.0,0.0,0.0,0.0,90.909,8125.88888889,7569.57142857,0.0,0.045631,-0.200909090909,0.0
18,0.0,0.0,0.0,0.0,0.0,0.0,0.0,63.636,6397.11111111,8232.85714286,0.0,0.039734,-0.132727272727,0.0
19,0.0,0.0,0.0,0.0,0.0,0.0,1.0,18.182,5631.66666667,5581.57142857,0.0,0.069844,0.934545454545,0.0
20,-1.0,0.0,0.0,0.0,0.0,0.0,0.0,9.091,7554.66666667,9106.28571429,0.0,0.029647,0.46,0.0
21,-1.0,0.0,0.0,0.0,0.0,0.0,0.0,18.182,11202.7777778,6011.28571429,0.0,0.02443,0.732727272727,0.0
22,-2.0,0.0,0.0,0.0,0.0,0.0,0.0,18.182,7646.55555556,13155.1428571,0.0,0.040611,0.0409090909091,0.0
23,2.0,0.0,0.0,0.0,0.0,0.0,0.0,36.364,12955.5555556,6550.57142857,0.0,0.026489,-0.112727272727,0.5
24,0.0,0.0,0.0,0.0,0.0,0.0,0.0,18.182,9905.33333333,8945.0,0.0,0.050081,0.254545454545,1.0
25,0.0,0.0,0.0,0.0,0.0,0.0,0.0,18.182,7941.44444444,6450.57142857,0.0,0.003568,0.521818181818,0.0
26,0.0,0.0,0.0,0.0,0.0,0.0,0.0,18.182,4021.11111111,8500.28571429,0.0,0.024653,0.420909090909,0.0
27,1.0,0.0,0.0,0.0,0.0,0.0,0.5,27.273,7997.77777778,4637.57142857,0.0,0.059727,-0.0345454545455,0.5
28,0.0,0.0,0.0,0.0,0.0,0.0,0.0,27.273,10920.3333333,7240.28571429,0.0,0.030661,0.333636363636,0.0
29,0.0,0.0,0.0,0.0,0.0,0.0,0.0,18.182,9496.77777778,9724.28571429,0.0,0.071414,0.0872727272727,1.0
30,0.0,0.0,0.0,0.0,0.0,0.0,0.0,9.091,12396.3333333,4338.14285714,0.0,0.002153,0.585454545455,0.0
31,0.0,0.0,0.0,0.0,0.0,0.0,0.0,9.091,10869.4444444,5296.71428571,0.0,0.044044,0.606363636364,0.0
32,2.0,0.0,0.0,0.0,0.0,0.0,0.5,45.455,10096.3333333,10885.7142857,0.0,0.04334,-0.158181818182,0.5
33,0.0,0.0,0.0,0.0,0.0,0.0,0.0,9.091,7721.77777778,8783.42857143,0.0,0.030441,0.676363636364,0.0
34,-1.0,0.0,0.0,0.0,0.0,0.0,0.0,9.091,10961.6666667,12352.1428571,0.0,0.064078,0.11,0.0
35,1.0,0.0,0.0,0.0,0.0,0.0,0.0,9.091,8356.55555556,10164.4285714,0.0,0.048057,0.0254545454545,0.0
36,-1.0,0.0,0.0,0.0,0.0,0.0,1.0,45.455,8665.11111111,14412.2857143,0.0,0.021241,-0.292727272727,0.0
37,-1.0,0.0,0.0,0.0,0.0,0.0,0.0,9.091,14250.4444444,10035.1428571,0.0,0.059101,0.403636363636,0.0
38,0.0,0.0,0.0,0.0,0.0,0.0,1.0,8.333,10250.1,12842.0,0.0,0.037674,0.275833333333,0.0
39,2.0,0.0,0.0,0.0,0.0,0.0,0.0,16.667,10207.3,11167.5,0.0,0.017114,-0.120833333333,0.0
40,1.0,0.0,0.0,0.0,0.0,0.0,0.0,41.667,7573.5,9298.0,0.0,0.011963,0.166666666667,0.0
41,1.0,0.0,0.0,0.0,0.0,0.0,0.0,33.333,9928.9,10700.75,0.0,0.035943,0.359166666667,0.0
42,1.0,0.0,0.0,0.0,0.0,0.0,0.0,83.333,8983.3,9958.5,0.0,0.040762,-0.14,0.0
43,2.0,0.0,0.0,0.0,0.0,0.0,0.0,8.333,9799.1,11925.25,0.0,0.01833,0.0291666666667,0.0
44,1.0,0.0,0.0,0.0,0.0,0.0,0.0,16.667,6635.2,6679.375,0.0,0.051204,0.443333333333,1.0
45,2.0,0.0,0.0,0.0,0.0,0.0,0.0,8.333,7895.5,9009.875,0.0,0.03353,-0.1825,0.0
46,-1.0,0.0,0.0,0.0,0.0,0.0,1.0,16.667,13923.6,8922.0,0.0,0.035958,0.05,0.0
47,3.0,0.0,0.0,0.0,0.0,0.0,0.0,58.333,10821.7,6859.0,0.0,0.01411,-0.624166666667,0.0
48,-1.0,0.0,0.0,0.0,0.0,0.0,0.0,25.0,12046.2,9819.0,0.0,0.037718,0.2625,0.0
49,1.0,0.0,0.0,0.0,0.0,0.0,0.0,8.333,12816.4,10849.375,0.0,0.037339,-0.1125,0.66668
50,-1.0,0.0,0.0,0.0,0.0,0.0,1.0,8.333,4019.2,5346.25,0.0,0.012765,0.585,0.0
51,1.0,0.0,0.0,0.0,0.0,0.0,0.0,8.333,11152.7,9275.125,0.0,0.067435,-0.0241666666667,0.0
52,1.0,0.0,0.0,0.0,0.0,0.0,0.0,25.0,6111.6,7485.25,0.0,0.018343,-0.37,0.0
53,1.0,0.0,0.0,0.0,0.0,0.0,0.0,16.667,9023.1,11135.875,0.0,0.039779,0.274166666667,0.5
54,-4.0,0.0,0.0,0.0,0.0,0.0,0.0,8.333,17086.9,11614.25,0.0,0.070894,0.1525,0.0
55,2.0,0.0,0.0,0.0,0.0,0.0,0.0,8.333,10495.3,11066.5,0.0,0.009232,0.0566666666667,0.0
56,-1.0,0.0,0.0,0.0,0.0,0.0,0.0,16.667,11195.2,9035.875,0.0,0.004245,0.73,0.0
57,1.0,0.0,9.09,0.0,0.0,0.0,1.0,25.0,14260.4,11336.75,0.0,0.066082,0.47,0.0
58,0.0,0.0,0.0,0.0,0.0,0.0,1.0,16.667,7957.9,9499.625,0.0,0.011941,0.195,0.0
59,1.0,0.0,0.0,0.0,0.0,0.0,1.0,33.333,10277.6,9843.5,0.0,0.079274,0.386666666667,0.0
60,0.0,0.0,0.0,0.0,0.0,0.0,0.0,25.0,14180.6,9161.75,0.0,0.028414,0.055,0.0
61,4.0,0.0,0.0,0.0,0.0,0.0,0.0,75.0,12590.7,7766.875,0.0,0.024377,-0.594166666667,0.0
62,3.0,0.0,0.0,0.0,0.0,0.0,1.0,16.667,14441.6,12971.5,0.0,0.013513,0.0808333333333,0.0
63,0.0,0.0,0.0,0.0,0.0,0.0,0.0,16.667,15303.2,11497.75,0.0,0.011101,0.53,0.0
64,1.0,0.0,0.0,0.0,0.0,0.0,1.0,8.333,5268.3,5125.625,0.0,0.068658,0.2875,0.0
65,0.0,0.0,0.0,0.0,0.0,0.0,0.0,8.333,10543.9,5297.125,0.0,0.069024,0.338333333333,0.0
66,0.0,0.0,0.0,0.0,0.0,0.0,1.0,16.667,6297.1,11690.75,0.0,0.055997,0.800833333333,0.0
67,0.0,0.0,0.0,0.0,0.0,0.0,0.0,41.667,11836.3,12695.625,0.0,0.030716,0.141666666667,0.0
68,3.0,0.0,0.0,0.0,0.0,0.0,0.0,7.692,10284.4545455,11694.1111111,0.0,0.062209,-0.178461538462,0.0
69,0.0,0.0,0.0,0.0,0.0,0.0,0.0,23.077,7675.72727273,3889.0,0.0,0.032074,0.635384615385,0.0
70,1.0,0.0,0.0,0.0,0.0,0.0,0.0,7.692,11176.7272727,12030.8888889,0.0,0.036644,-0.0453846153846,0.5
71,1.0,0.0,0.0,0.0,0.0,0.0,0.0,23.077,6004.27272727,9280.55555556,0.0,0.057088,0.347692307692,0.0
72,0.0,0.0,0.0,0.0,0.0,0.0,0.0,15.385,11070.6363636,10832.2222222,0.0,0.042676,0.449230769231,1.0
73,-1.0,0.0,0.0,0.0,0.0,0.0,0.0,23.077,7555.0,7486.88888889,0.0,0.017876,0.718461538462,0.0
74,1.0,0.0,0.0,0.0,0.0,0.0,0.5,23.077,9774.54545455,8681.77777778,0.0,0.040436,0.439230769231,1.0
75,2.0,0.0,0.0,0.0,0.0,0.0,0.0,84.615,6805.0,7487.66666667,0.0,0.069214,-0.537692307692,0.0
76,-2.0,0.0,0.0,0.0,0.0,0.0,0.0,15.385,15874.9090909,16343.6666667,0.0,0.054311,0.438461538462,0.0
77,0.0,0.0,0.0,0.0,0.0,0.0,1.0,7.692,7742.90909091,12435.4444444,0.0,0.058937,0.199230769231,0.0
78,-1.0,0.0,0.0,0.0,0.0,0.0,0.0,23.077,9414.81818182,14142.2222222,0.0,0.057665,0.293076923077,0.0
79,0.0,0.0,0.0,0.0,0.0,0.0,1.0,15.385,12930.7272727,5095.88888889,0.0,0.006978,0.574615384615,0.0
80,-1.0,0.0,0.0,0.0,0.0,0.0,0.0,35.714,7153.08333333,6791.1,0.0,0.072639,0.780714285714,0.0
81,0.0,0.0,0.0,0.0,0.0,0.0,0.0,21.429,11457.4166667,7815.2,0.0,0.061931,0.577857142857,0.0
82,0.0,0.0,0.0,0.0,0.0,0.0,1.0,21.429,5646.33333333,7214.4,0.0,0.023949,0.687142857143,0.0
83,1.0,0.0,0.0,0.0,0.0,0.0,0.0,28.571,12168.6666667,6169.5,0.0,0.086847,0.471428571429,0.0
84,3.0,0.0,0.0,0.0,0.0,0.0,1.0,28.571,6938.66666667,6544.4,0.0,0.043712,-0.303571428571,0.0
85,-1.0,0.0,0.0,0.0,0.0,0.0,0.0,21.429,10698.25,6732.6,0.0,0.057956,0.677857142857,0.0
86,-1.0,0.0,0.0,0.0,0.0,0.0,1.0,28.571,12941.0833333,7847.6,0.0,0.057003,0.0664285714286,0.0
87,0.0,0.0,0.0,0.0,0.0,0.0,0.0,21.429,7966.75,13229.2,0.0,0.075865,0.587142857143,0.0
88,-1.0,0.0,7.69,0.0,0.0,0.0,0.0,42.857,10963.0833333,10006.1,0.0,0.048387,0.409285714286,0.0
89,1.0,0.0,0.0,0.0,0.0,0.0,0.0,7.143,7207.58333333,8222.9,0.0,0.050584,0.0228571428571,0.0
90,0.0,0.0,0.0,0.0,0.0,0.0,0.0,28.571,9487.66666667,5338.3,0.0,0.016078,0.411428571429,1.0
91,0.0,0.0,0.0,0.0,0.0,0.0,0.0,42.857,10166.3333333,9800.2,0.0,0.041973,0.211428571429,0.0
92,2.0,0.0,0.0,0.0,0.0,0.0,0.0,28.571,11635.75,8039.5,0.0,0.087842,-0.562142857143,0.0
93,-1.0,0.0,0.0,0.0,0.0,0.0,0.0,28.571,9932.16666667,7285.9,0.0,0.08847,0.462857142857,0.0
94,0.0,0.0,0.0,0.0,0.0,0.0,0.0,21.429,9704.66666667,11467.0,0.0,0.082522,0.47,0.0
95,2.0,0.0,0.0,0.0,0.0,0.0,0.0,14.286,6844.91666667,9517.2,0.0,0.03898,-0.282142857143,0.0
96,0.0,0.0,0.0,0.0,0.0,0.0,0.0,14.286,11674.3333333,7022.7,0.0,0.02522,0.05,0.0
97,0.0,0.0,0.0,0.0,0.0,0.0,0.0,92.857,12005.75,6147.4,0.0,0.017341,-0.625,0.0
98,0.0,0.0,0.0,0.0,0.0,0.0,1.0,7.143,13507.6666667,6813.2,0.0,0.070931,0.323571428571,0.0
99,1.0,0.0,0.0,0.0,0.0,0.0,0.0,33.333,7366.69230769,9728.63636364,0.0,0.072243,0.358,0.5
100,0.0,0.0,0.0,0.0,0.0,0.0,0.0,33.333,9560.30769231,7800.90909091,0.0,0.063537,0.301333333333,0.0
101,0.0,0.0,0.0,0.0,0.0,0.0,1.0,6.667,7968.0,10648.1818182,0.0,0.057058,0.289333333333,0.0
102,1.0,0.0,0.0,0.0,0.0,0.0,0.0,20.0,6421.30769231,7953.18181818,0.0,0.051721,0.870666666667,0.0
103,0.0,0.0,0.0,0.0,0.0,0.0,0.0,26.667,6204.92307692,4722.72727273,0.0,0.083816,0.421333333333,0.0
104,0.0,0.0,0.0,0.0,0.0,0.0,0.25,80.0,11808.2307692,6796.45454545,0.0,0.076939,-0.392666666667,0.749990625117
105,0.0,0.0,0.0,0.0,0.0,0.0,0.0,6.667,14995.3846154,8085.54545455,0.0,0.06442,-0.116,0.66665
106,1.0,0.0,0.0,0.0,0.0,0.0,1.0,13.333,5695.46153846,4959.72727273,0.0,0.069341,0.552,0.0
107,7.0,0.0,0.0,0.0,0.0,0.0,0.0,0.0,2152.84615385,3737.18181818,0.0,0.084138,-0.645333333333,1.0
108,0.0,0.0,0.0,0.0,0.0,0.0,0.0,6.667,12172.3846154,13369.0909091,0.0,0.084753,0.179333333333,0.0
109,0.0,0.0,0.0,0.0,0.0,0.0,1.0,33.333,5857.23076923,7012.27272727,0.0,0.031402,0.690666666667,0.0
110,-1.0,0.0,0.0,0.0,0.0,0.0,0.0,13.333,9921.84615385,10510.8181818,0.0,0.037975,0.216666666667,0.0
111,1.0,0.0,0.0,0.0,0.0,0.0,0.0,33.333,9542.46153846,8429.54545455,0.0,0.081058,0.356666666667,0.0
112,-2.0,0.0,0.0,0.0,0.0,0.0,0.0,40.0,9995.53846154,11866.0,0.0,0.037444,0.162,0.0
113,0.0,0.0,0.0,0.0,0.0,0.0,0.0,13.333,10897.5384615,12875.7272727,0.0,0.043337,0.453333333333,0.0
114,0.0,0.0,0.0,0.0,0.0,0.0,1.0,20.0,5636.84615385,3729.63636364,0.0,0.05084,0.862666666667,0.0
115,5.0,0.0,0.0,0.0,0.0,0.0,0.0,40.0,4450.07692308,7181.36363636,0.0,0.036947,-0.402,0.0
116,0.0,0.0,0.0,0.0,0.0,0.0,0.0,18.75,12700.6428571,11702.8333333,0.0,0.048964,0.604375,0.0
117,0.0,0.0,0.0,0.0,0.0,0.0,0.0,18.75,6213.35714286,4290.33333333,0.0,0.090748,0.916875,0.0
118,0.0,0.0,0.0,0.0,0.0,0.0,0.0,12.5,5243.64285714,6510.66666667,0.0,0.053772,0.80375,0.0
119,4.0,0.0,0.0,0.0,0.0,0.0,0.333333333333,87.5,8761.28571429,7954.5,0.0,0.023793,-0.405625,0.5
120,1.0,0.0,0.0,0.0,0.0,0.0,0.0,18.75,6946.78571429,5354.58333333,0.0,0.053029,0.28375,1.0
121,-2.0,0.0,0.0,0.0,0.0,0.0,0.0,37.5,9744.57142857,10667.75,0.0,0.097223,-0.321875,0.0
122,2.0,0.0,0.0,0.0,0.0,0.0,0.0,12.5,10284.8571429,7232.25,0.0,0.051993,0.0075,0.666666666667
123,2.0,0.0,0.0,0.0,0.0,0.0,0.0,93.75,7830.92857143,8444.91666667,0.0,0.055927,-0.518125,0.0
124,0.0,0.0,0.0,0.0,0.0,0.0,0.666666666667,43.75,10629.0,9471.33333333,0.0,0.070291,0.286875,1.0
125,0.0,0.0,0.0,0.0,0.0,0.0,0.0,31.25,9876.07142857,10934.4166667,0.0,0.065952,0.734375,0.0
126,4.0,0.0,0.0,0.0,0.0,0.0,0.0,50.0,7121.42857143,7974.5,0.0,0.039361,-0.349375,0.0
127,1.0,0.0,6.67,0.0,0.0,0.0,0.0,37.5,8556.78571429,8427.41666667,0.0,0.071166,0.5575,0.0
128,0.0,0.0,0.0,0.0,0.0,0.0,0.0,17.647,5220.53333333,4376.0,0.0,0.059722,0.586470588235,1.0
129,0.0,0.0,0.0,0.0,0.0,0.0,0.333333333333,35.294,13475.8,6888.30769231,0.0,0.064497,0.2,1.0
130,5.0,0.0,0.0,0.0,0.0,0.0,0.2,82.353,7089.26666667,6934.07692308,0.0,0.071443,-0.7,0.666657222191
131,1.0,0.0,0.0,0.0,0.0,0.0,1.0,88.235,7797.33333333,8923.0,0.0,0.053319,-0.224705882353,0.0
132,-3.0,0.0,0.0,0.0,0.0,0.0,0.0,17.647,10042.1333333,8150.84615385,0.0,0.030285,0.313529411765,0.0
133,4.0,0.0,0.0,0.0,0.0,0.0,0.0,29.412,11333.4,7135.69230769,0.0,0.041326,-0.386470588235,0.5
134,1.0,0.0,0.0,0.0,0.0,0.0,0.0,29.412,9650.86666667,8282.15384615,0.0,0.045153,0.0823529411765,1.0
135,1.0,0.0,0.0,0.0,0.0,0.0,0.0,41.176,11024.2,8765.69230769,0.0,0.068275,0.0329411764706,0.0
136,1.0,0.0,0.0,0.0,0.0,0.0,0.0,17.647,8148.4,7086.38461538,0.0,0.066872,0.464705882353,1.0
137,0.0,0.0,0.0,0.0,0.0,0.0,1.0,22.222,7205.5625,6676.14285714,0.0,0.033457,0.739444444444,0.0
138,0.0,0.0,0.0,0.0,0.0,0.0,1.0,16.667,5346.0,5287.64285714,0.0,0.051173,0.661666666667,0.0
139,0.0,0.0,0.0,0.0,0.0,0.0,0.0,16.667,11381.4375,9797.14285714,0.0,0.055695,0.380555555556,0.0
140,3.0,0.0,0.0,0.0,0.0,0.0,0.0,38.889,10026.9375,8435.21428571,0.0,0.017601,-0.171111111111,0.0
141,2.0,0.0,0.0,0.0,0.0,0.0,1.0,33.333,7288.0,5941.07142857,0.0,0.056282,0.592777777778,0.0
142,0.0,0.0,0.0,0.0,0.0,0.0,1.0,22.222,8466.875,6648.21428571,0.0,0.060351,0.374444444444,0.0
143,1.0,0.0,0.0,0.0,0.0,0.0,0.5,27.778,4317.9375,4613.35714286,0.0,0.079232,0.711111111111,1.0
144,1.0,0.0,0.0,0.0,0.0,0.0,1.0,16.667,4531.125,7708.85714286,0.0,0.042627,0.628333333333,0.0
145,1.0,0.0,0.0,0.0,0.0,0.0,0.0,27.778,13308.75,12310.0,0.0,0.0728,0.636666666667,1.0
146,1.0,0.0,0.0,0.0,0.0,0.0,0.0,21.053,9036.70588235,4086.33333333,0.0,0.025239,0.752631578947,1.0
147,5.0,0.0,0.0,0.0,0.0,0.0,0.0,31.579,11388.1176471,11603.8,0.0,0.038843,0.0489473684211,0.0
148,3.0,0.0,0.0,0.0,0.0,0.0,0.0,10.526,7281.70588235,6548.8,0.0,0.040818,-0.406315789474,0.0
149,1.0,0.0,0.0,0.0,0.0,0.0,0.0,26.316,11343.3529412,8723.13333333,0.0,0.007831,0.0589473684211,0.0
150,0.0,0.0,5.56,0.0,0.0,0.0,0.0,26.316,3630.76470588,4747.73333333,0.0,0.058775,0.893157894737,0.0
151,2.0,0.0,0.0,0.0,0.0,0.0,0.0,31.579,5068.0,6339.06666667,0.0,0.062825,0.731052631579,0.0
152,2.0,0.0,0.0,0.0,0.0,0.0,0.0,36.842,9279.11764706,9033.93333333,0.0,0.056615,-0.273684210526,0.0
153,-2.0,0.0,0.0,0.0,0.0,0.0,1.0,36.842,14686.7647059,13158.3333333,0.0,0.033799,0.51,0.0
154,1.0,0.0,0.0,0.0,0.0,0.0,0.0,15.789,11356.5882353,10489.7333333,0.0,0.046695,0.0726315789474,0.0
155,0.0,0.0,0.0,0.0,0.0,0.0,1.0,21.053,9707.64705882,12895.6,0.0,0.069874,0.743157894737,0.0
156,1.0,0.0,0.0,0.0,0.0,0.0,0.0,25.0,5668.11111111,8251.4375,0.0,0.048867,0.7615,1.0
157,2.0,0.0,0.0,0.0,0.0,0.0,0.0,20.0,8489.88888889,6210.4375,0.0,0.045586,-0.1535,0.0
158,2.0,0.0,0.0,0.0,0.0,0.0,0.0,20.0,10931.3888889,7587.4375,0.0,0.042073,-0.044,0.0
159,1.0,0.0,0.0,5.26,0.0,0.0,1.0,15.0,8751.27777778,6927.0625,0.0,0.060447,0.402,0.0
160,-1.0,0.0,0.0,0.0,0.0,0.0,1.0,25.0,9022.61111111,9372.625,0.0,0.067021,0.296,0.0
161,-1.0,0.0,0.0,0.0,0.0,0.0,0.0,35.0,9314.94444444,7240.6875,0.0,0.050997,0.5225,0.0
162,1.0,0.0,0.0,0.0,0.0,0.0,0.5,50.0,8825.77777778,11247.25,0.0,0.06421,0.376,0.5
163,5.0,0.0,0.0,0.0,0.0,0.0,0.0,10.0,6865.72222222,7172.1875,0.0,0.02955,0.192,0.0
164,3.0,0.0,0.0,5.26,0.0,0.0,0.25,25.0,10750.5555556,8265.125,0.0,0.05404,-0.049,0.6
165,2.0,0.0,0.0,0.0,0.0,0.0,0.0,20.0,10675.4444444,10740.5625,0.0,0.06057,0.2645,0.0
166,1.0,0.0,0.0,0.0,0.0,0.0,0.0,35.0,6910.5,5310.375,0.0,0.062062,0.411,0.0
167,0.0,0.0,0.0,0.0,0.0,0.0,0.0,23.81,10044.7368421,9077.11764706,0.0,0.054707,0.33380952381,0.0
168,0.0,0.0,0.0,0.0,0.0,0.0,0.0,23.81,8846.57894737,10198.8823529,0.0,0.075099,0.75619047619,0.0
169,2.0,0.0,0.0,0.0,0.0,0.0,0.333333333333,38.095,7911.73684211,10740.3529412,0.0,0.053401,0.540952380952,1.0
170,-1.0,0.0,0.0,0.0,0.0,0.0,0.0,28.571,8400.42105263,7046.35294118,0.0,0.048248,0.577142857143,1.0
171,2.0,0.0,0.0,0.0,0.0,0.0,0.0,42.857,9480.47368421,8335.47058824,0.0,0.033204,0.0885714285714,0.0
172,1.0,0.0,0.0,0.0,0.0,0.0,0.0,28.571,11664.4210526,8669.82352941,0.0,0.045673,0.426666666667,0.0
173,3.0,0.0,0.0,0.0,0.0,0.0,0.0,14.286,9568.73684211,9150.05882353,0.0,0.061486,0.194285714286,1.0
174,0.0,0.0,5.0,0.0,0.0,0.0,1.0,33.333,9513.0,11270.4705882,0.0,0.053873,0.326666666667,0.0
175,1.0,0.0,0.0,0.0,0.0,0.0,1.0,28.571,6888.31578947,5670.52941176,0.0,0.043702,0.485714285714,0.0
176,2.0,0.0,0.0,0.0,0.0,0.0,1.0,47.619,10078.2105263,9375.35294118,0.0,0.072903,0.289523809524,0.0
177,3.0,0.0,0.0,0.0,0.0,0.0,0.0,38.095,8467.05263158,9343.70588235,0.0,0.032964,-0.169047619048,0.0
178,2.0,0.0,0.0,5.0,0.0,0.0,0.0,4.762,9708.26315789,7564.05882353,0.0,0.068371,-0.0909523809524,0.333333333333
179,0.0,0.0,0.0,0.0,0.0,0.0,1.0,28.571,8873.31578947,9051.35294118,0.0,0.056604,0.58380952381,0.0
180,-1.0,0.0,0.0,0.0,0.0,0.0,0.75,23.81,7331.42105263,10652.2941176,0.0,0.051949,0.468095238095,1.0
181,0.0,0.0,0.0,0.0,0.0,0.0,0.0,31.818,11796.05,11111.5555556,0.0,0.053916,0.631818181818,0.0
182,1.0,0.0,4.76,0.0,0.0,0.0,0.0,18.182,10264.4,9226.33333333,0.0,0.04123,0.499090909091,0.0
183,-2.0,0.0,0.0,0.0,0.0,0.0,1.0,36.364,4979.2,6823.72222222,0.0,0.071846,0.515,0.0
184,1.0,0.0,0.0,0.0,0.0,0.0,0.0,36.364,8755.35,8388.83333333,0.0,0.045868,0.0986363636364,0.0
185,-4.0,0.0,0.0,0.0,0.0,4.76,1.0,27.273,9536.3,7837.22222222,0.0,0.051425,0.650454545455,0.0
186,2.0,0.0,0.0,0.0,0.0,0.0,0.0,22.727,8443.45,9031.88888889,0.0,0.040017,0.157272727273,0.0
187,1.0,0.0,0.0,0.0,0.0,0.0,0.0,22.727,9984.15,7565.5,0.0,0.055885,0.765454545455,0.0
188,3.0,0.0,0.0,0.0,0.0,0.0,0.0,22.727,13122.95,6211.44444444,0.0,0.061839,-0.170909090909,0.199982399789
189,1.0,0.0,0.0,0.0,0.0,0.0,0.666666666667,22.727,10004.0,6967.11111111,0.0,0.050852,0.536363636364,1.0
190,0.0,0.0,0.0,0.0,0.0,0.0,0.0,22.727,8001.2,5939.0,0.0,0.048667,0.597727272727,0.0
191,-2.0,0.0,0.0,0.0,0.0,0.0,1.0,36.364,10032.85,7692.33333333,0.0,0.059228,0.361363636364,0.0
192,-1.0,0.0,0.0,0.0,0.0,0.0,1.0,31.818,7223.75,9831.05555556,0.0,0.066103,0.369090909091,0.0
193,2.0,0.0,0.0,0.0,4.76,0.0,0.0,22.727,12785.4,11874.8888889,0.0,0.063725,-0.0777272727273,0.333308888237
194,1.0,0.0,0.0,0.0,0.0,0.0,1.0,22.727,8314.5,8516.94444444,0.0,0.073881,0.804545454545,0.0
195,1.0,0.0,0.0,0.0,0.0,0.0,0.0,27.273,10683.2,9629.5,0.0,0.043396,0.513181818182,0.0
196,0.0,0.0,4.55,0.0,0.0,0.0,1.0,30.435,6485.14285714,7658.68421053,0.0,0.051808,0.708695652174,0.0
197,1.0,0.0,0.0,0.0,0.0,0.0,0.0,26.087,5802.38095238,7698.47368421,0.0,0.065208,0.629565217391,1.0
198,-2.0,0.0,0.0,0.0,0.0,0.0,0.0,39.13,8060.23809524,8793.89473684,0.0,0.056666,0.281739130435,0.0
199,1.0,4.55,4.55,0.0,0.0,0.0,1.0,13.043,10954.9047619,11245.2105263,0.0,0.052966,0.620869565217,0.0
200,1.0,0.0,0.0,0.0,0.0,0.0,0.666666666667,17.391,8334.76190476,8701.68421053,0.0,0.06971,0.370434782609,1.0
201,-3.0,0.0,0.0,0.0,0.0,0.0,1.0,34.783,8472.0952381,6944.0,0.0,0.052266,-0.339565217391,0.0
202,1.0,0.0,4.55,0.0,0.0,0.0,0.666666666667,26.087,5699.52380952,9302.42105263,0.0,0.065105,0.754782608696,1.0
203,0.0,0.0,0.0,0.0,0.0,0.0,1.0,26.087,14130.6190476,12660.0,0.0,0.053681,0.524347826087,0.0
204,0.0,0.0,0.0,0.0,0.0,0.0,1.0,21.739,8255.28571429,7670.36842105,0.0,0.054302,0.754782608696,0.0
205,1.0,0.0,0.0,0.0,0.0,0.0,0.0,21.739,9642.23809524,8838.47368421,0.0,0.043251,-0.0960869565217,0.333333333333
206,1.0,0.0,0.0,0.0,0.0,0.0,1.0,21.739,11690.6190476,9710.94736842,0.0,0.052655,0.503913043478,0.0
207,1.0,0.0,0.0,0.0,0.0,0.0,0.0,25.0,10020.0454545,5801.8,0.0,0.040524,0.513333333333,1.0
208,-1.0,0.0,0.0,0.0,0.0,0.0,1.0,29.167,6237.0,5450.55,0.0,0.0521,0.6625,0.0
209,0.0,0.0,0.0,0.0,0.0,0.0,0.666666666667,16.667,12235.2272727,11083.25,0.0,0.037266,0.49875,1.0
210,-1.0,0.0,0.0,0.0,0.0,0.0,0.5,29.167,7224.72727273,9120.25,0.0,0.039981,0.176666666667,1.0
211,0.0,0.0,0.0,0.0,0.0,0.0,1.0,33.333,5996.68181818,6090.15,0.0,0.069999,0.6475,0.0
212,1.0,0.0,4.35,0.0,0.0,0.0,1.0,37.5,10261.9545455,8903.3,0.0,0.054361,0.489166666667,0.0
213,-1.0,0.0,0.0,0.0,0.0,0.0,0.0,25.0,7131.95454545,10557.4,0.0,0.052447,0.59875,0.0
214,1.0,0.0,0.0,0.0,0.0,0.0,0.666666666667,8.333,8148.63636364,7290.55,0.0,0.061547,0.0508333333333,0.33336
215,-4.0,0.0,0.0,0.0,0.0,0.0,0.0,20.833,10628.7727273,13730.0,0.0,0.052626,0.0366666666667,0.0
216,0.0,4.35,4.35,0.0,0.0,4.35,0.0,25.0,9518.18181818,12178.9,0.0,0.054448,0.460833333333,1.0
217,0.0,0.0,0.0,0.0,0.0,0.0,0.0,37.5,8445.59090909,7563.85,0.0,0.060278,0.6225,0.0
218,1.0,0.0,0.0,0.0,0.0,0.0,0.666666666667,16.0,10733.1304348,10514.047619,0.0,0.067,0.4308,1.0
219,0.0,0.0,0.0,0.0,0.0,0.0,1.0,20.0,8198.95652174,9797.04761905,0.0,0.054182,0.2604,0.0
220,0.0,0.0,0.0,0.0,0.0,0.0,1.0,32.0,8109.34782609,4830.66666667,0.0,0.049054,0.506,0.0
221,3.0,0.0,0.0,0.0,0.0,0.0,0.0,20.0,8850.82608696,9464.33333333,0.0,0.042898,0.0672,0.0
222,1.0,0.0,0.0,0.0,0.0,0.0,0.8,32.0,8258.13043478,8511.47619048,0.0,0.031774,0.5868,1.0
223,1.0,0.0,0.0,0.0,0.0,0.0,0.666666666667,36.0,6650.17391304,6606.85714286,0.0,0.052991,0.646,1.0
224,-2.0,0.0,0.0,0.0,0.0,0.0,1.0,24.0,8171.30434783,5071.0,0.0,0.040334,0.6048,0.0
225,1.0,0.0,0.0,0.0,0.0,0.0,0.5,28.0,10770.6086957,9991.04761905,0.0,0.051454,0.4252,1.0
226,2.0,0.0,0.0,0.0,0.0,0.0,0.0,20.0,9546.30434783,9457.38095238,0.0,0.040614,-0.3168,0.0
227,1.0,0.0,0.0,0.0,0.0,0.0,0.5,12.0,8868.47826087,10671.0952381,0.0,0.032659,0.3708,0.5
228,1.0,0.0,0.0,0.0,0.0,0.0,0.5,46.154,7510.29166667,7429.22727273,0.0,0.056809,0.459230769231,0.5
229,2.0,4.0,0.0,0.0,0.0,0.0,0.0,42.308,9206.41666667,10247.0,0.0,0.048973,0.394230769231,1.0
230,2.0,0.0,0.0,0.0,0.0,0.0,0.666666666667,23.077,8254.08333333,9497.77272727,0.0,0.04859,0.356538461538,0.333333333333
231,0.0,0.0,0.0,0.0,0.0,0.0,1.0,19.231,5721.25,4754.0,0.0,0.054889,0.754230769231,0.0
232,0.0,0.0,0.0,0.0,0.0,0.0,1.0,25.926,9286.6,8093.2173913,0.0,0.060518,0.492962962963,0.0
233,3.0,0.0,0.0,0.0,0.0,0.0,0.25,33.333,9110.04,6855.65217391,0.0,0.052208,0.41037037037,1.0
234,-1.0,0.0,0.0,0.0,0.0,3.85,1.0,33.333,7851.84,8780.34782609,0.0,0.054684,0.208888888889,0.0
235,1.0,0.0,0.0,3.85,0.0,0.0,0.25,18.519,6978.52,11474.0869565,0.0,0.071144,0.287777777778,1.0
236,-1.0,0.0,3.85,0.0,0.0,0.0,1.0,18.519,9820.52,9546.56521739,0.0,0.042135,0.606666666667,0.0
237,2.0,0.0,0.0,0.0,0.0,3.85,0.25,40.741,5286.96,5779.26086957,0.0,0.053413,0.52037037037,1.0
238,1.0,0.0,0.0,0.0,0.0,0.0,0.0,29.63,9183.24,7130.08695652,0.0,0.057735,0.383703703704,0.0
239,1.0,0.0,0.0,0.0,0.0,0.0,1.0,21.429,11005.0,9553.875,0.0,0.052365,0.0825,0.0
240,2.0,0.0,0.0,0.0,0.0,0.0,0.0,32.143,6435.19230769,6384.375,0.0,0.059472,0.565357142857,1.0
241,1.0,0.0,0.0,0.0,0.0,0.0,1.0,25.0,9574.61538462,6152.66666667,0.0,0.054204,0.536071428571,0.0
242,0.0,0.0,0.0,0.0,0.0,0.0,1.0,21.429,9570.30769231,6747.54166667,0.0,0.043514,0.548571428571,0.0
243,-1.0,0.0,0.0,0.0,0.0,0.0,1.0,21.429,11975.7307692,6161.125,0.0,0.060814,0.471071428571,0.0
244,2.0,0.0,0.0,0.0,0.0,0.0,0.0,21.429,6379.42307692,5110.20833333,0.0,0.044927,0.659642857143,0.5
245,1.0,0.0,0.0,0.0,0.0,0.0,1.0,32.143,7370.0,7397.70833333,0.0,0.060618,0.748928571429,0.0
246,2.0,0.0,3.57,0.0,0.0,0.0,1.0,27.586,9145.33333333,9785.6,0.0,0.058349,0.208620689655,0.0
247,2.0,0.0,0.0,0.0,0.0,0.0,0.333333333333,20.69,9232.81481481,8928.32,0.0,0.046467,0.455862068966,1.0
248,3.0,0.0,0.0,0.0,0.0,0.0,0.5,31.034,12993.8888889,13230.48,0.0,0.044902,0.231034482759,0.249981874864
249,0.0,0.0,0.0,0.0,0.0,0.0,1.0,24.138,10159.5925926,9742.52,0.0,0.039639,0.624137931034,0.0
250,1.0,0.0,0.0,0.0,0.0,0.0,0.666666666667,26.667,4021.85714286,6241.0,0.0,0.04334,0.630333333333,0.5
251,1.0,0.0,0.0,0.0,0.0,0.0,0.5,23.333,7112.64285714,7826.15384615,0.0,0.043014,0.424666666667,0.5
252,3.0,3.45,0.0,0.0,0.0,0.0,0.5,26.667,10667.3928571,10750.1538462,0.0,0.038152,0.375666666667,0.3333
253,2.0,3.45,0.0,0.0,0.0,0.0,0.6,16.667,9056.67857143,12261.0769231,0.0,0.050354,0.245333333333,0.6667
254,1.0,0.0,0.0,0.0,0.0,0.0,0.333333333333,26.667,11596.6428571,9376.53846154,0.0,0.050286,0.512666666667,1.0
255,4.0,0.0,0.0,0.0,0.0,0.0,0.4,16.667,8267.03571429,6487.07692308,0.0,0.04614,0.0423333333333,0.5
256,1.0,0.0,0.0,0.0,3.33,0.0,0.5,41.935,7056.55172414,7497.33333333,0.002122,0.050363,0.350967741935,1.0
257,3.0,0.0,0.0,0.0,0.0,0.0,1.0,22.581,8199.34482759,8753.74074074,0.000703,0.044422,0.496129032258,0.0
258,1.0,0.0,0.0,0.0,0.0,0.0,0.0,29.032,7925.34482759,8529.33333333,0.00204,0.046227,0.326774193548,1.0
259,0.0,0.0,0.0,0.0,0.0,0.0,0.5,19.355,11382.9310345,8723.07407407,0.002063,0.042797,0.341935483871,0.5
260,2.0,0.0,0.0,0.0,0.0,0.0,0.0,21.875,11861.5666667,10882.0,0.004911,0.042162,0.2978125,0.5
261,2.0,0.0,0.0,0.0,0.0,0.0,0.0,34.375,9170.7,8047.57142857,0.000787,0.032285,0.370625,0.5
262,2.0,0.0,0.0,0.0,0.0,0.0,0.0,25.0,11928.7,11414.8928571,0.003131,0.045998,0.4878125,1.0
263,6.0,0.0,0.0,0.0,0.0,0.0,0.5,28.125,5975.8,6998.10714286,0.003616,0.04773,0.2315625,0.4
264,-1.0,0.0,0.0,0.0,0.0,0.0,0.0,21.875,8791.13333333,8217.42857143,0.003063,0.051373,0.244375,0.333333333333
265,0.0,0.0,0.0,0.0,0.0,0.0,1.0,21.875,6342.26666667,5975.64285714,0.000139,0.065664,0.8228125,0.0
266,2.0,0.0,0.0,0.0,0.0,0.0,0.0,34.375,10220.3333333,10823.8928571,0.005005,0.039974,0.4740625,0.666666666667
267,1.0,0.0,0.0,0.0,0.0,3.13,0.0,39.394,7583.83870968,7448.10344828,0.007681,0.040018,0.294848484848,0.5
268,-3.0,0.0,0.0,0.0,0.0,0.0,1.0,12.121,8633.90322581,9829.86206897,0.00526,0.042987,0.287575757576,0.0
269,3.0,0.0,0.0,0.0,0.0,0.0,1.0,21.212,13026.2903226,11818.3103448,0.002303,0.042226,0.399393939394,0.0
270,2.0,0.0,0.0,0.0,0.0,0.0,0.2,21.212,10060.3548387,9512.68965517,0.005454,0.047489,0.304242424242,1.0
271,-1.0,0.0,0.0,0.0,0.0,0.0,0.75,21.212,12464.1935484,7656.96551724,0.010228,0.042312,0.303333333333,1.0
272,0.0,0.0,0.0,0.0,0.0,0.0,0.5,18.182,10565.483871,7105.93103448,0.010891,0.032522,0.407878787879,1.0
273,1.0,0.0,0.0,0.0,0.0,0.0,0.0,17.647,6271.46875,4008.33333333,0.008699,0.039608,0.504705882353,0.5
274,0.0,0.0,0.0,0.0,0.0,0.0,0.0,25.714,8042.81818182,7209.09677419,0.010854,0.043302,0.356571428571,0.0
275,4.0,0.0,0.0,0.0,0.0,0.0,0.5,34.286,8527.84848485,9769.61290323,0.01128,0.037416,0.377714285714,0.25
276,9.0,0.0,0.0,0.0,0.0,0.0,0.0,16.667,11738.7941176,10917.875,0.007859,0.024465,0.065,0.0
277,2.0,0.0,0.0,0.0,0.0,0.0,0.5,21.622,7966.51428571,8540.63636364,0.01205,0.0414,0.495945945946,0.333374444993
278,1.0,0.0,0.0,0.0,2.78,0.0,0.0,24.324,11510.0,10911.7878788,0.007435,0.047567,0.289189189189,1.0
279,-2.0,0.0,0.0,0.0,0.0,0.0,0.8,34.211,8505.33333333,8423.02941176,0.013131,0.031778,0.532105263158,1.0
280,-1.0,0.0,0.0,0.0,0.0,0.0,1.0,20.513,8592.86486486,7298.77142857,0.010468,0.045044,0.645897435897,0.0
281,-1.0,0.0,0.0,0.0,0.0,2.63,1.0,25.641,11006.1621622,6963.48571429,0.012644,0.029396,0.600769230769,0.0
282,1.0,0.0,0.0,0.0,0.0,0.0,0.5,28.205,8963.83783784,7352.0,0.013488,0.046327,0.215641025641,0.25
283,5.0,0.0,2.63,0.0,0.0,0.0,0.0,30.769,8913.86486486,7290.2,0.01145,0.033323,0.386153846154,0.0
284,0.0,0.0,0.0,0.0,0.0,0.0,0.5,20.455,11118.3809524,9304.225,0.016271,0.042811,0.272954545455,0.333382223526
285,3.0,0.0,0.0,0.0,0.0,0.0,0.4,21.277,8845.42222222,8214.86046512,0.017421,0.045113,0.229787234043,0.5
286,-2.0,0.0,0.0,0.0,0.0,6.25,0.75,34.694,9122.10638298,8980.31111111,0.019222,0.042344,0.264693877551,0.250030625995
