seqIndex,prediction,distToMargin,P(-1),P(+1)
792,1,0.953601174481355,0.04031182581551829,0.9596881741844817
1053,1,0.9533580569929594,0.04034275901493801,0.959657240985062
923,1,0.9353730218404764,0.04269513264643524,0.9573048673535647
1182,1,0.9322650053201761,0.04311470619504199,0.9568852938049581
1185,1,0.9013754091774764,0.04750395839159253,0.9524960416084075
1189,1,0.8053013026343121,0.06401785583611554,0.9359821441638845
1055,1,0.8051763707477448,0.06404247306725575,0.9359575269327443
1181,1,0.7958324013396427,0.06590888909881691,0.9340911109011829
921,1,0.790154363033168,0.06706767827674977,0.9329323217232501
1184,1,0.7844192362610419,0.0682573368150334,0.9317426631849665
924,1,0.755832604241785,0.0744846439530657,0.9255153560469344
1183,1,0.7528737703725394,0.07515833998195248,0.9248416600180475
1186,1,0.7407710617050012,0.07797287835922546,0.9220271216407745
1054,1,0.7371597195727515,0.07883130516359489,0.9211686948364052
927,1,0.7324601100708514,0.07996141314407697,0.920038586855923
1057,1,0.7320566002216183,0.08005913425369313,0.9199408657463067
796,1,0.7277108254317799,0.08111854648317236,0.9188814535168275
659,1,0.7236748518279835,0.08211392191764313,0.9178860780823569
922,1,0.7207794877257357,0.08283486524673049,0.9171651347532696
791,1,0.7031107052311139,0.08736106373407075,0.9126389362659293
660,1,0.6997810433691924,0.08823882527581767,0.9117611747241824
1052,1,0.6986710228827389,0.08853322381377884,0.9114667761862212
1051,1,0.6933662736445985,0.08995249419336927,0.9100475058066309
1180,1,0.6868537191853935,0.09172309617460363,0.9082769038253964
1056,1,0.6781847564562812,0.09412886598816932,0.9058711340118307
926,1,0.6649211560095483,0.09791991782619532,0.9020800821738046
531,1,0.6647222274312741,0.09797780604165306,0.9020221939583469
795,1,0.6626707007089128,0.09857659380339498,0.9014234061966049
527,1,0.6624643930428569,0.09863699093546016,0.90136300906454
663,1,0.6534370822941388,0.10131243357593339,0.8986875664240664
393,1,0.6457901039332753,0.10362931143561725,0.896370688564383
664,1,0.6386616314539901,0.10583146473461945,0.8941685352653804
258,1,0.6110718773943749,0.11475006760040612,0.8852499323995938
790,1,0.6078833677018994,0.1158222103571458,0.8841777896428542
1187,1,0.603517083336831,0.11730458836873445,0.8826954116312656
1058,1,0.5999341371462769,0.11853335984144338,0.8814666401585568
525,1,0.5976604813325437,0.11931891189892278,0.8806810881010774
930,1,0.591827666058063,0.12135488965382771,0.8786451103461724
928,1,0.5914255879433079,0.12149634132297792,0.8785036586770221
1049,1,0.5850820925913494,0.12374695901145052,0.8762530409885495
658,1,0.5843415125895214,0.12401204472400316,0.875987955275997
1061,1,0.5827541839827738,0.12458186979968174,0.8754181302003182
396,1,0.5800856057380811,0.1255449338199702,0.8744550661800299
665,1,0.5759625174700556,0.1270455131957532,0.8729544868042467
1060,1,0.5757881347705447,0.1271093172507249,0.8728906827492751
925,1,0.5714445063599372,0.12870748146663288,0.8712925185333671
1190,1,0.5669977934801933,0.13036136544999796,0.8696386345500021
530,1,0.5566691397771587,0.13427302045662717,0.865726979543373
797,1,0.5528244939521899,0.13575429051480142,0.8642457094851984
794,1,0.55121939706355,0.1363767822623785,0.8636232177376217
1191,1,0.5458550751731487,0.13847469245386756,0.8615253075461327
656,1,0.5441937881175593,0.13912988373161042,0.8608701162683895
662,1,0.5437593647373858,0.13930164418204236,0.8606983558179577
1179,1,0.5358342011420977,0.14246641753636916,0.8575335824636309
529,1,0.526761299403213,0.14616300330024828,0.8538369966997518
789,1,0.523825465703941,0.14737607777578068,0.8526239222242193
1178,1,0.5203584771018355,0.14881933792560906,0.8511806620743909
793,1,0.5118801416818506,0.1523978858312331,0.847602114168767
1188,1,0.509547181742158,0.15339487877326502,0.8466051212267347
1059,1,0.4990200760212954,0.1579600789290406,0.8420399210709593
653,1,0.4957409528394575,0.15940443042405,0.84059556957595
916,1,0.49203937670319453,0.16104766358446343,0.8389523364155366
799,1,0.4883438089366353,0.1627018149703892,0.8372981850296108
661,1,0.4826079778603806,0.1652961736247647,0.8347038263752354
122,1,0.47694769785901453,0.16788864862328914,0.8321113513767107
528,1,0.4702526090882974,0.17099666144898318,0.8290033385510166
526,1,0.4629007747336605,0.17446168939964068,0.8255383106003593
919,1,0.452652041704297,0.1793835848428095,0.8206164151571905
788,1,0.4494743793715862,0.18093136724452233,0.8190686327554777
394,1,0.4438006121839289,0.18372061580109333,0.8162793841989068
260,1,0.43785914796824404,0.1866768026831872,0.813323197316813
251,1,0.4310028511627021,0.19013321038856754,0.8098667896114323
785,1,0.42679271192186874,0.19227960048483908,0.8077203995151608
920,1,0.4245520709698793,0.1934293581584852,0.806570641841515
392,1,0.4228496598124851,0.1943063908630507,0.8056936091369492
395,1,0.4191847560068433,0.19620459220505884,0.8037954077949412
1050,1,0.4186577973620272,0.19647866565630442,0.8035213343436955
257,1,0.4057643324623334,0.2032740541745051,0.7967259458254948
1046,1,0.38519091899672203,0.21447358259186877,0.7855264174081313
386,1,0.38430596495943964,0.2149651640796894,0.7850348359203105
1175,1,0.3804380404097029,0.2171232750387602,0.7828767249612397
121,1,0.3682064459326271,0.22404986536963784,0.7759501346303621
520,1,0.33871110338936855,0.241387739941791,0.7586122600582089
123,1,0.3366151633104376,0.2426537540925515,0.7573462459074486
931,1,0.3342025975317363,0.24411657107042833,0.7558834289295718
523,1,0.3340899996955133,0.24418498775893493,0.7558150122410652
657,1,0.33400975773065167,0.24423375226039,0.75576624773961
397,1,0.328362793203503,0.24768197441103343,0.7523180255889664
259,1,0.3228370386410668,0.25108751937165197,0.7489124806283481
391,1,0.3211669061532029,0.2521229097654737,0.7478770902345263
390,1,0.31695377074226283,0.25474732590864807,0.7452526740913518
524,1,0.3075475574019745,0.26067091077441523,0.7393290892255847
1062,1,0.30313537681261,0.2634799349613613,0.7365200650386386
124,1,0.29641861805784425,0.2677932305767253,0.7322067694232745
389,1,0.29237937274547987,0.27040852268470944,0.7295914773152906
918,1,0.28567868773456734,0.2747822323197329,0.7252177676802668
254,1,0.27921575491185063,0.2790420646978761,0.7209579353021238
798,1,0.27469457323654745,0.28204596467677195,0.7179540353232283
1174,1,0.27028458263609817,0.2849948022400013,0.7150051977599986
256,1,0.2681821797664773,0.28640712148312686,0.7135928785168731
929,1,0.2601310772869599,0.2918540590850151,0.708145940914985
786,1,0.25727880542661236,0.29379828175074646,0.7062017182492536
1047,1,0.2520084929331379,0.2974105366307344,0.7025894633692656
1044,1,0.251083200494073,0.2980473646526794,0.7019526353473206
532,1,0.24901137405828494,0.29947612795957135,0.7005238720404288
120,1,0.24082242727333547,0.3051614629978496,0.6948385370021501
519,1,0.23827479156015297,0.30694249923347505,0.6930575007665247
522,1,0.2364014459286039,0.30825582940732404,0.6917441705926761
784,1,0.2356123376526544,0.3088099739226585,0.6911900260773413
1177,1,0.2310911904310676,0.31199549092897605,0.6880045090710241
1173,1,0.22810753522597274,0.3141075199877716,0.6858924800122284
667,1,0.2256096639351866,0.3158816214175188,0.6841183785824813
261,1,0.22362334952356347,0.3172962326338845,0.6827037673661155
1048,1,0.2202833085327969,0.3196825571885138,0.6803174428114861
384,1,0.2166261093002584,0.322306346702038,0.6776936532979622
651,1,0.215330155144737,0.32323880995714427,0.6767611900428557
387,1,0.2004845869318766,0.33401950784871803,0.6659804921512819
917,1,0.1907823213976011,0.34116098210552426,0.6588390178944759
115,1,0.18691991651001041,0.3440243597526237,0.6559756402473761
652,1,0.1672771800056328,0.35523410275410017,0.6447658972458997
114,1,0.165470255074917,0.3567358598434195,0.6432641401565806
666,1,0.162930579165056,0.3588447444481594,0.6411552555518406
249,1,0.15864580181776047,0.36239788263791634,0.6376021173620837
521,1,0.1568666841276967,0.36387147331185965,0.6361285266881403
783,1,0.15299828636678806,0.36707215372369995,0.6329278462763
1176,1,0.1491391312526376,0.3702607125894431,0.629739287410557
787,1,0.14587971229418106,0.3729504266365444,0.6270495733634556
518,1,0.14357753619406902,0.37484845623814333,0.6251515437618568
655,1,0.14021727601608563,0.37761632998397887,0.6223836700160211
915,1,0.1252684712481183,0.38989798028417666,0.6101020197158235
911,1,0.12249664577917416,0.39217033087084796,0.6078296691291522
1045,1,0.12174706948333555,0.39278460865309556,0.6072153913469045
250,1,0.11751792399744246,0.3962487109912482,0.6037512890087519
512,1,0.11315079646751514,0.39982311269839665,0.6001768873016035
400,1,0.11290618278045836,0.40002324993746524,0.5999767500625346
654,1,0.11023412077551588,0.40220900331794013,0.5977909966820597
914,1,0.09886895707398408,0.4114979816940182,0.5885020183059817
1167,1,0.09386615859958813,0.4155840832567021,0.584415916743298
113,1,0.08765567223595849,0.42065536630035544,0.5793446336996446
1042,1,0.08665195719103905,0.4214749033798494,0.5785250966201505
385,1,0.07243180571890873,0.4330867888651616,0.5669132111348385
800,1,0.06817086194214685,0.43656747976749266,0.5634325202325073
262,1,0.06444308408065526,0.4396134710157013,0.5603865289842986
1172,1,0.06404995027193075,0.43993475476686783,0.560065245233132
1041,1,0.04997516648657833,0.4514451017774691,0.5485548982225308
1192,1,0.038699487418716164,0.4606794872719691,0.539320512728031
1038,1,0.03766035591850657,0.46153114805151585,0.5384688519484839
932,1,0.036357169935182926,0.4625993825838985,0.5374006174161013
645,1,0.03457275310263473,0.4640623714524295,0.5359376285475705
255,1,0.02739284517171501,0.469952257524911,0.530047742475089
1171,1,0.01728456413867179,0.4782529145414968,0.5217470854585032
388,1,0.015339499323164368,0.4798512010803329,0.520148798919667
131,-1,-0.00617220722955612,0.5,0.5
265,-1,-0.00716777673631611,0.5,0.5
779,-1,-0.00789875570845257,0.5,0.5
401,-1,-0.011298589391643715,0.5,0.5
1170,-1,-0.01453007102104884,0.5,0.5
398,-1,-0.0164508545522782,0.5060018069986116,0.49399819300138814
648,-1,-0.02201705438394176,0.5105808832152343,0.48941911678476574
908,-1,-0.02247544520720811,0.5109579058133046,0.4890420941866954
534,-1,-0.031179967012539694,0.5181140110237041,0.4818859889762959
252,-1,-0.03154488678210518,0.5184138491531918,0.4815861508468084
253,-1,-0.032100327475365155,0.5188701989422894,0.4811298010577108
646,-1,-0.03213964595290639,0.5189025015513027,0.4810974984486972
780,-1,-0.03482566031939031,0.5211087584682194,0.4788912415317808
119,-1,-0.03562284948203274,0.5217633693509631,0.47823663064903665
1168,-1,-0.03780487099093459,0.5235546498974464,0.47644535010255357
773,-1,-0.04180786847250164,0.5268387883398502,0.4731612116601498
118,-1,-0.0422800592758827,0.527225994145502,0.47277400585449814
904,-1,-0.04655340347671923,0.5307282077217126,0.4692717922782874
125,-1,-0.04739292184956623,0.5314157801981094,0.4685842198018907
913,-1,-0.051557158433443856,0.5348238961773537,0.46517610382264635
536,-1,-0.05197081341640815,0.5351622089988919,0.46483779100110834
117,-1,-0.05266552769885582,0.5357302901117518,0.4642697098882485
243,-1,-0.05280094856621565,0.5358410116392978,0.46415898836070224
781,-1,-0.055474996997782404,0.5380263278130045,0.46197367218699553
535,-1,-0.05841294830750223,0.5404249730788871,0.4595750269211129
673,-1,-0.06111731615267006,0.5426305909536462,0.45736940904635376
378,-1,-0.06404758007204421,0.5450177568014922,0.4549822431985076
1163,-1,-0.06493295366827942,0.5457384570357837,0.4542615429642163
912,-1,-0.06687984536479281,0.5473222582244877,0.45267774177551234
1043,-1,-0.07341532234390195,0.5526283572590206,0.44737164274097924
1169,-1,-0.07427525810730283,0.5533252491864237,0.4466747508135764
910,-1,-0.07736447715128962,0.5558261297963453,0.44417387020365473
772,-1,-0.0793340951363325,0.5574184197501613,0.4425815802498388
116,-1,-0.08439089694308291,0.5614981115355339,0.43850188846446625
641,-1,-0.08521720705287751,0.5621635649228337,0.43783643507716624
539,-1,-0.08712854783341877,0.5637014940038576,0.4362985059961424
777,-1,-0.08859285988857969,0.5648784432097779,0.4351215567902221
129,-1,-0.09196983174489214,0.5675883151014343,0.4324116848985658
266,-1,-0.09223749056036967,0.5678028315674459,0.4321971684325541
669,-1,-0.09630345454874759,0.5710565115075791,0.4289434884924209
1039,-1,-0.0981607603953171,0.5725395628996176,0.42746043710038245
517,-1,-0.09993972482796994,0.5739581127045967,0.42604188729540327
778,-1,-0.102827595833899,0.5762567478981514,0.42374325210184854
1034,-1,-0.10291085206656386,0.5763229389725508,0.4236770610274492
533,-1,-0.10375560089585198,0.5769942885754723,0.42300571142452775
248,-1,-0.10436423999516971,0.577477710634828,0.422522289365172
404,-1,-0.1120915934310343,0.5835939844262779,0.4164060155737222
1193,-1,-0.11601581964892752,0.5866842981984635,0.41331570180153654
514,-1,-0.11602459688898636,0.5866911979162829,0.4133088020837172
127,-1,-0.11870998512370239,0.5887995262731013,0.41120047372689844
1162,-1,-0.12187076087982805,0.5912742487994469,0.4087257512005532
938,-1,-0.12695410866344536,0.5952382794880737,0.40476172051192616
640,-1,-0.13019394075942356,0.5977541529696655,0.4022458470303344
402,-1,-0.13184397845418463,0.5990322432991468,0.40096775670085305
130,-1,-0.13441254294286983,0.6010173891900938,0.3989826108099061
246,-1,-0.13760462204983015,0.6034768097522041,0.39652319024779586
1040,-1,-0.13882169085895524,0.6044122785182293,0.39558772148177057
1033,-1,-0.14434417951713505,0.608641075253481,0.3913589247465193
379,-1,-0.1464206737182514,0.6102242772007074,0.3897757227992925
542,-1,-0.1515936344987912,0.6141517186463616,0.38584828135363847
513,-1,-0.15331298300909704,0.6154517661052851,0.3845482338947149
271,-1,-0.15553664765772926,0.6171291515343555,0.3828708484656445
508,-1,-0.1575024933914958,0.6186082795598677,0.38139172044013214
806,-1,-0.16020793066141054,0.6206380436119345,0.3793619563880656
650,-1,-0.1631677484163332,0.6228508391995878,0.37714916080041216
909,-1,-0.1654365534176201,0.6245414482714333,0.37545855172856657
408,-1,-0.16911598818038123,0.6272728170265085,0.3727271829734916
382,-1,-0.1700527884835722,0.6279661728595914,0.37203382714040856
112,-1,-0.17242343474767746,0.6297170029851364,0.37028299701486367
267,-1,-0.17365170163151064,0.6306220065147385,0.3693779934852615
507,-1,-0.1762480585279693,0.632530237540655,0.3674697624593449
647,-1,-0.17687600152874586,0.6329907721656908,0.3670092278343092
273,-1,-0.1769060151986295,0.6330127746587964,0.36698722534120354
383,-1,-0.1777567494428971,0.6336360687272821,0.36636393127271794
515,-1,-0.17883546539959266,0.6344253817026534,0.3655746182973466
135,-1,-0.18347205406159353,0.6378051048219258,0.36219489517807407
903,-1,-0.18687712544300458,0.6402737187854588,0.35972628121454114
668,-1,-0.19240367489712798,0.6442560455551055,0.35574395444489454
126,-1,-0.1926433287116091,0.6444280530239808,0.35557194697601935
381,-1,-0.19642119053380028,0.6471320394140312,0.35286796058596887
134,-1,-0.19759660977311816,0.6479704573048887,0.35202954269511133
407,-1,-0.2027439804521279,0.6516259131810057,0.3483740868189942
111,-1,-0.2079451645394692,0.6552929207676341,0.3447070792323659
782,-1,-0.21536784204331735,0.6604798287855802,0.33952017121441985
1195,-1,-0.2171431396044819,0.6617123439304328,0.3382876560695672
264,-1,-0.2171870821653856,0.6617428121174007,0.3382571878825994
103,-1,-0.2214643898827722,0.6646994746159641,0.335300525384036
801,-1,-0.22501824160084993,0.6671424387484699,0.33285756125152993
516,-1,-0.22531752529054305,0.667347608060724,0.3326523919392759
1063,-1,-0.22772217463207506,0.6689929173657845,0.3310070826342156
768,-1,-0.22897737890080036,0.6698495242794191,0.3301504757205809
272,-1,-0.22998747756550214,0.6705377526201729,0.32946224737982693
1065,-1,-0.23251947895413239,0.6722585952132764,0.32774140478672364
936,-1,-0.2331180169434941,0.6763821064903548,0.3236178935096453
635,-1,-0.2369776307002639,0.679156706339623,0.3208432936603769
110,-1,-0.24013084296740522,0.6814141412428398,0.3185858587571599
234,-1,-0.2434029560409404,0.6837477269878665,0.3162522730121334
136,-1,-0.2438860750962643,0.6840914958222196,0.31590850417778027
934,-1,-0.2488580752665847,0.6876176413805746,0.31238235861942537
804,-1,-0.2513263265629986,0.6893601250995774,0.31063987490042255
368,-1,-0.25135879304623154,0.6893830095000246,0.31061699049997527
373,-1,-0.25384419791080925,0.6911321225022766,0.3088678774977231
97,-1,-0.2552178749446482,0.6920965115102966,0.30790348848970334
374,-1,-0.2557990273179182,0.6925040055727498,0.30749599442725034
805,-1,-0.25701855747926267,0.693358143345005,0.3066418566549951
636,-1,-0.25758954429892655,0.6937575974543543,0.30624240254564566
649,-1,-0.2609403174301522,0.6960958760639427,0.3039041239360574
502,-1,-0.26729978906418367,0.7005059051359119,0.29949409486408796
1066,-1,-0.2687136331241884,0.7014813558464522,0.29851864415354795
247,-1,-0.269048954401031,0.7017124354851645,0.2982875645148353
501,-1,-0.26993072978708776,0.7023196013996199,0.29768039860038004
671,-1,-0.2699870003887209,0.702358323587763,0.2976416764122373
268,-1,-0.2703991786325617,0.7026418724007146,0.29735812759928526
540,-1,-0.27520297587506465,0.70593500856701,0.29406499143299
263,-1,-0.2752863873348776,0.7059920012022168,0.29400799879778317
672,-1,-0.27809294636715726,0.7079058775343291,0.2920941224656709
1031,-1,-0.2849629443742787,0.7125596908288864,0.2874403091711137
935,-1,-0.28641577529990586,0.7135381694730049,0.2864618305269953
232,-1,-0.28775408309879086,0.7144377506051921,0.285562249394808
239,-1,-0.2923445269016668,0.7175104217558087,0.2824895782441912
503,-1,-0.29552122871726727,0.7196250100356149,0.2803749899643851
899,-1,-0.29633918675765014,0.7201679212775439,0.2798320787224563
505,-1,-0.2975627782415937,0.720978866388131,0.27902113361186937
538,-1,-0.2988891130709029,0.7218562764022438,0.2781437235977563
405,-1,-0.3015148283997371,0.7235882537804861,0.27641174621951414
367,-1,-0.30259413232565474,0.7242982493868118,0.2757017506131884
107,-1,-0.3036545933397749,0.7249947484079269,0.27500525159207323
1197,-1,-0.30424074493095304,0.7253792572590688,0.2746207427409312
803,-1,-0.3050741042115457,0.7259253560511542,0.27407464394884584
1036,-1,-0.3053117623644545,0.7260809690668545,0.2739190309331455
369,-1,-0.30532297876219006,0.7260883119426566,0.2739116880573437
767,-1,-0.3060753726777401,0.7265805907024563,0.2734194092975436
238,-1,-0.3063969983565381,0.7267908565688902,0.2732091434311098
905,-1,-0.3094150941358752,0.7287590413344588,0.27124095866554093
901,-1,-0.3111567102783964,0.7298907389022855,0.2701092610977146
1196,-1,-0.31345213181521064,0.7313777460341492,0.2686222539658507
1165,-1,-0.31363587243157637,0.7314965516946855,0.2685034483053144
1035,-1,-0.3162529811190127,0.7331851447663884,0.26681485523361165
233,-1,-0.3190584137287318,0.7349877274799536,0.26501227252004633
1028,-1,-0.31920915534792227,0.7350843631654108,0.2649156368345894
900,-1,-0.3206273200152596,0.7359923995193804,0.2640076004806194
670,-1,-0.3221143522381597,0.7369423846061978,0.2630576153938021
98,-1,-0.3226968911361513,0.7373139376393708,0.26268606236062925
269,-1,-0.3264574672300319,0.7397043524142242,0.2602956475857759
1068,-1,-0.32666401964856995,0.7398352384685563,0.26016476153144363
1157,-1,-0.3286803673301303,0.7411106940442188,0.25888930595578125
1067,-1,-0.32885159184857254,0.7412188157485184,0.25878118425148156
109,-1,-0.3322213053116538,0.7433406720620824,0.2566593279379178
1037,-1,-0.33875288096671086,0.74742094062234,0.25257905937766006
634,-1,-0.34010332780450164,0.7482591848603155,0.25174081513968466
807,-1,-0.3450146403226564,0.7512921181843861,0.24870788181561393
128,-1,-0.3450353056990011,0.7513048281028042,0.24869517189719595
370,-1,-0.34539546718050756,0.7515262700351684,0.24847372996483197
770,-1,-0.3455503348048932,0.7516214483630043,0.24837855163699585
1160,-1,-0.34690722642784244,0.7524543205545052,0.2475456794454949
906,-1,-0.3489574621595105,0.7537092138565038,0.24629078614349623
769,-1,-0.35068940691863143,0.7547659475706585,0.2452340524293415
897,-1,-0.3515286560396741,0.755276907139596,0.24472309286040403
1194,-1,-0.3537110983072089,0.7566022697760842,0.24339773022391567
774,-1,-0.354222441873014,0.7569120956398953,0.24308790436010452
937,-1,-0.3547952802356284,0.7572588634407755,0.2427411365592242
1029,-1,-0.3549476457196207,0.7573510413029642,0.24264895869703595
380,-1,-0.35593542794510236,0.7579480512402762,0.24205194875972377
1158,-1,-0.35696808448286177,0.7585711131347261,0.24142888686527386
96,-1,-0.35967458679665576,0.7601989095217331,0.2398010904782669
1027,-1,-0.3602101778565227,0.7605201429128775,0.23947985708712255
399,-1,-0.3639376976490645,0.7627476365398119,0.23725236346018816
802,-1,-0.36450789999420896,0.7630871166739103,0.23691288332608967
898,-1,-0.36642569126998065,0.76422644845182,0.23577355154818005
371,-1,-0.3676751313160593,0.7649666814378611,0.23503331856213908
639,-1,-0.3677948707621985,0.7650375366799761,0.23496246332002416
1164,-1,-0.3699391089520456,0.7663038726535839,0.23369612734641612
1064,-1,-0.37273050536336966,0.7679452852109183,0.2320547147890816
377,-1,-0.37684041623671694,0.7703473413282177,0.22965265867178264
674,-1,-0.3788301395958062,0.7715039566987233,0.22849604330127682
1156,-1,-0.381384564338558,0.7729828100543167,0.2270171899456831
1030,-1,-0.3833892189451502,0.7741386374020883,0.22586136259791165
714,-1,-0.38539366719174667,0.7752901723508759,0.2247098276491241
245,-1,-0.3859497505310407,0.7756088967316996,0.2243911032683003
241,-1,-0.38805660831155886,0.7768135458341129,0.22318645416588706
637,-1,-0.38934815169581344,0.7775497361985175,0.2224502638014826
846,-1,-0.38949931487153844,0.7776357870287233,0.22236421297127681
1166,-1,-0.3905315971519651,0.7782227863671642,0.2217772136328357
1161,-1,-0.39098454697400126,0.77848000278897,0.22151999721103008
244,-1,-0.3988811105235369,0.7829298992776238,0.2170701007223764
537,-1,-0.40011476638954807,0.7836192266663798,0.21638077333362016
766,-1,-0.40127904994429603,0.7842683363344075,0.21573166366559246
907,-1,-0.40410858518092346,0.78583996562937,0.2141600343706299
638,-1,-0.40542384463170306,0.786567668468988,0.21343233153101235
1032,-1,-0.4070580921828752,0.7874693475866418,0.21253065241335814
675,-1,-0.40755385441496794,0.7877423288070154,0.2122576711929846
102,-1,-0.4080593240714213,0.788020391406599,0.21197960859340081
406,-1,-0.40820992762180475,0.7881031880285473,0.21189681197145263
845,-1,-0.41087554538060356,0.7895647392120744,0.21043526078792563
104,-1,-0.4134144031501421,0.7909499004380337,0.20905009956196646
976,-1,-0.4146708858482273,0.7916329321301585,0.2083670678698413
775,-1,-0.4162990015921255,0.7925155380541969,0.20748446194580314
312,-1,-0.4188799475154821,0.7939090145882162,0.2060909854117839
235,-1,-0.42316843050775516,0.7962090582268384,0.20379094177316162
506,-1,-0.42322701341878594,0.796240345381052,0.20375965461894813
236,-1,-0.4248142759457385,0.7970866884242792,0.20291331157572084
642,-1,-0.42492887647751276,0.7971476929419151,0.20285230705808502
582,-1,-0.4265596225365703,0.7980142952321216,0.20198570476787828
715,-1,-0.428770096037157,0.7991845542171637,0.20081544578283625
137,-1,-0.4290682749063846,0.7993420255441513,0.20065797445584857
902,-1,-0.43204175809172796,0.8009072929562672,0.19909270704373275
108,-1,-0.43318172005057165,0.8015049408225372,0.1984950591774629
449,-1,-0.4369891658680633,0.8034912829524575,0.19650871704754266
583,-1,-0.4384708887462568,0.8042602271250981,0.19573977287490174
446,-1,-0.4388601698751002,0.804461867619065,0.1955381323809349
403,-1,-0.4406295985914668,0.8053764175465796,0.19462358245342049
270,-1,-0.44487299086515447,0.80755643594594,0.1924435640540598
511,-1,-0.44555173764739586,0.8079034073791642,0.19209659262083575
541,-1,-0.4538687793348882,0.812116333589281,0.18788366641071919
504,-1,-0.45542784015973703,0.8128981101048479,0.18710188989515197
376,-1,-0.4589875977773647,0.8146737249142227,0.18532627508577745
372,-1,-0.4706070550295857,0.8203788752917859,0.1796211247082143
177,-1,-0.4735497300607364,0.8218017734048674,0.17819822659513268
975,-1,-0.4756062258702619,0.8227909191868279,0.17720908081317208
1107,-1,-0.47564559600474854,0.8228098135780851,0.17719018642191486
1105,-1,-0.477562226903124,0.8237277262095137,0.17627227379048646
133,-1,-0.4779923446707683,0.8239332039373932,0.1760667960626066
771,-1,-0.47815564983897346,0.8240111694489674,0.1759888305510325
776,-1,-0.4797541261913036,0.8247728843376639,0.175227115662336
447,-1,-0.4817911351444935,0.8257398056318271,0.17426019436817283
240,-1,-0.4830362703737138,0.8263287669489188,0.17367123305108126
99,-1,-0.48345294078792933,0.8265255047902713,0.17347449520972888
1159,-1,-0.48400116767553,0.8267840908861865,0.17321590911381354
1119,-1,-0.484147701092972,0.8268531557258078,0.1731468442741924
1108,-1,-0.48681422423771725,0.8281061536024266,0.17189384639757344
933,-1,-0.48861056044578327,0.8289461935682739,0.17105380643172602
41,-1,-0.4921352500570606,0.830585008303295,0.16941499169670513
132,-1,-0.49279195884515425,0.8308889620052078,0.16911103799479227
643,-1,-0.495096551001596,0.8319521922624601,0.16804780773753994
979,-1,-0.4957098185410212,0.8322342248484442,0.1677657751515558
977,-1,-0.4970477509242541,0.8328482082243159,0.16715179177568407
581,-1,-0.49954288533029906,0.8339884370615321,0.16601156293846775
580,-1,-0.5030773388580819,0.8355929411065697,0.16440705889343019
579,-1,-0.5078425372819001,0.8377364075315175,0.16226359246848265
978,-1,-0.5135690033210313,0.840282392901127,0.15971760709887303
509,-1,-0.5135896561776463,0.840291516322346,0.15970848367765386
988,-1,-0.5183958363754546,0.8424031905219441,0.15759680947805593
858,-1,-0.5186631054317995,0.8425199507603867,0.15748004923961315
1106,-1,-0.519489226261962,0.8428804085675456,0.15711959143245446
713,-1,-0.5206320761066726,0.8433779564475467,0.15662204355245343
1109,-1,-0.5220954202342126,0.8440131598389564,0.1559868401610435
510,-1,-0.523331895796513,0.8445482466738742,0.155451753326126
100,-1,-0.5233683438167203,0.8445639968672126,0.15543600313278744
848,-1,-0.5241615547741286,0.8449064427335651,0.15509355726643476
1117,-1,-0.5293294227839155,0.8471224575899624,0.1528775424100375
313,-1,-0.5320018182657632,0.8482581839669364,0.15174181603306364
1104,-1,-0.536119250501113,0.8499944577047572,0.15000554229524288
847,-1,-0.5371121234999882,0.8504106847855568,0.14958931521444332
375,-1,-0.5471366734801248,0.8545599643578176,0.14544003564218239
448,-1,-0.5472421181980142,0.8546030972132586,0.14539690278674125
178,-1,-0.54881583962194,0.8552455775180743,0.14475442248192583
716,-1,-0.5489677871535233,0.8553074859074642,0.14469251409253572
176,-1,-0.5495637411263331,0.8555500847216467,0.14444991527835335
237,-1,-0.5525492356929833,0.8567603236596721,0.1432396763403278
1078,-1,-0.5548124774064891,0.8576721440956577,0.14232785590434258
311,-1,-0.5581362616659136,0.8590024577745098,0.1409975422254904
644,-1,-0.5596034307786502,0.8595863645274205,0.14041363547257932
314,-1,-0.5630915427902873,0.8609664490874618,0.1390335509125382
863,-1,-0.5660517181238707,0.8621287154274333,0.13787128457256678
712,-1,-0.5687310736156089,0.8631736745495301,0.1368263254504697
711,-1,-0.569261361534776,0.8633796971855214,0.1366203028144785
989,-1,-0.5736344896760291,0.8650687638069747,0.1349312361930251
994,-1,-0.5746972796429106,0.8654765820063477,0.13452341799365244
242,-1,-0.5765501828866485,0.8661850959509835,0.13381490404901641
106,-1,-0.5820891517492613,0.8682842926005213,0.1317157073994786
844,-1,-0.5839146010031615,0.868969968459173,0.13103003154082715
949,-1,-0.5858503191601755,0.8696937497680134,0.1303062502319865
105,-1,-0.5961851117697495,0.8735006823657248,0.12649931763427527
366,-1,-0.6083715561759008,0.8778670837854348,0.1221329162145652
849,-1,-0.6103190763267452,0.8785527335961053,0.12144726640389496
842,-1,-0.6132889977201894,0.8795919452351094,0.1204080547648907
860,-1,-0.6148951443641819,0.8801507517128019,0.11984924828719827
1121,-1,-0.6149407777181963,0.8801665955774803,0.11983340442251965
101,-1,-0.61555377739161,0.880379253230983,0.11962074676901696
40,-1,-0.6161988946095017,0.8806027006215387,0.11939729937846161
990,-1,-0.6171046415107762,0.8809158126065206,0.11908418739347919
1118,-1,-0.6189588101090695,0.8815545745970632,0.11844542540293665
445,-1,-0.6249263030812116,0.8835902753077048,0.1164097246922949
843,-1,-0.6285904478723755,0.8848251251670076,0.11517487483299248
1077,-1,-0.6330383584345964,0.8863087862929355,0.11369121370706448
95,-1,-0.6377125226076722,0.887849936597199,0.11215006340280098
974,-1,-0.6420382729587981,0.8892599157176758,0.110740084282324
991,-1,-0.6431650927986268,0.8896246463240599,0.11037535367594019
717,-1,-0.6449197293489564,0.8901904944891843,0.10980950551081554
1120,-1,-0.6456865577539471,0.8904369874747244,0.1095630125252756
38,-1,-0.646620912330442,0.8907366749380271,0.10926332506197274
231,-1,-0.6476515087137832,0.8910663969177193,0.10893360308228062
39,-1,-0.6480506254473839,0.8911938528276973,0.10880614717230282
175,-1,-0.6503529017371888,0.8919265198249925,0.10807348017500747
993,-1,-0.6509859778048627,0.8921272259546668,0.10787277404533306
1110,-1,-0.6564688135710671,0.8938517957181425,0.10614820428185738
1123,-1,-0.6569001201727848,0.893986422870871,0.10601357712912872
948,-1,-0.6617419400032128,0.8954874365500792,0.10451256344992102
1124,-1,-0.6626978829454312,0.8957815607167909,0.1042184392832089
727,-1,-0.6650066680350175,0.8964889117787166,0.1035110882212836
595,-1,-0.6656172197241838,0.8966752574804512,0.10332474251954883
600,-1,-0.6682474661334372,0.8974746415720477,0.10252535842795216
973,-1,-0.6709548352575706,0.8982917386719019,0.10170826132809813
733,-1,-0.672838126668688,0.8988567146660018,0.1011432853339982
584,-1,-0.6751335373629496,0.899541556404911,0.10045844359508897
500,-1,-0.6781546520168805,0.9004366333652077,0.09956336663479244
578,-1,-0.6799396072652265,0.9009621293554232,0.09903787064457678
980,-1,-0.681965433403443,0.9015555462743717,0.09844445372562853
1103,-1,-0.683190527316383,0.9019128693068915,0.09808713069310848
765,-1,-0.6838437992433212,0.9021029361757745,0.0978970638242255
996,-1,-0.6884121612278612,0.9034229278599596,0.09657707214004045
896,-1,-0.689902698622187,0.9038501556775899,0.0961498443224102
1122,-1,-0.6980201574057039,0.9061473059261052,0.093852694073895
818,-1,-0.698612069122551,0.9063128714476564,0.09368712855234351
42,-1,-0.7071856213340993,0.9086817888422938,0.09131821115770623
1026,-1,-0.7090729657624287,0.90919598494936,0.09080401505064005
857,-1,-0.7094494331974254,0.9092982390618456,0.09070176093815434
865,-1,-0.7120900168407387,0.9100125511646304,0.0899874488353696
819,-1,-0.7130076145754047,0.9102595840864843,0.0897404159135156
987,-1,-0.7140686055000826,0.910544458708796,0.08945554129120421
174,-1,-0.7144397023213165,0.910643905057848,0.08935609494215208
866,-1,-0.7152892963656949,0.9108712035136162,0.08912879648638385
310,-1,-0.7160027142711118,0.9110616666720446,0.08893833332795537
726,-1,-0.7178360316342337,0.9115494288321717,0.08845057116782844
859,-1,-0.7185489667279725,0.9117384552039217,0.08826154479607848
1155,-1,-0.7190111580674943,0.9118608047971006,0.08813919520289912
710,-1,-0.7207664449144001,0.9123240631451729,0.08767593685482714
728,-1,-0.7209753919056064,0.9123790619770684,0.08762093802293132
732,-1,-0.7249397830936577,0.9134166710024854,0.08658332899751466
731,-1,-0.7263041463725409,0.913771188646139,0.08622881135386098
864,-1,-0.727866561121935,0.9141755530971053,0.08582444690289459
450,-1,-0.7315930308752531,0.9151330622311813,0.08486693776881855
633,-1,-0.738553586045441,0.9168956368274438,0.08310436317255628
1125,-1,-0.7415716599167723,0.9176494885345822,0.08235051146541793
315,-1,-0.7418359320395654,0.9177152009651448,0.08228479903485511
1137,-1,-0.751529707900112,0.9200928330753844,0.07990716692461552
1126,-1,-0.7543075916398847,0.9207625236175634,0.07923747638243665
876,-1,-0.7569719098489508,0.9214000126381615,0.07859998736183844
467,-1,-0.7585950748845764,0.921786082912186,0.07821391708781418
601,-1,-0.7586118548190849,0.9217900649470102,0.07820993505298972
862,-1,-0.7592354448288472,0.9219379171601177,0.07806208283988224
309,-1,-0.766751610155156,0.9236999615574323,0.07630003844256764
598,-1,-0.767520304002693,0.923878098578824,0.07612190142117617
444,-1,-0.7679867058213493,0.92398599638053,0.07601400361946983
861,-1,-0.7858916542719212,0.9280233909560173,0.07197660904398272
725,-1,-0.7903165466929193,0.9289902359855917,0.07100976401440805
1079,-1,-0.7909270994531586,0.9291226971428599,0.07087730285714047
37,-1,-0.7916631524473146,0.9292820824791553,0.07071791752084466
856,-1,-0.7922776306039,0.9294148882456039,0.07058511175439594
734,-1,-0.7950911811840754,0.9300200356521156,0.06997996434788444
592,-1,-0.7959668172994239,0.9302073892131256,0.0697926107868743
724,-1,-0.7971908339956855,0.9304685057489699,0.06953149425103013
730,-1,-0.8005718959658373,0.9311850891880693,0.06881491081193088
593,-1,-0.8015226079548957,0.9313853481883253,0.06861465181167449
464,-1,-0.8017032619832578,0.931423340261173,0.06857665973882673
443,-1,-0.806442681419722,0.9324131167496543,0.0675868832503458
577,-1,-0.806769615688414,0.9324809026863236,0.06751909731367649
459,-1,-0.807276469565882,0.9325858681547478,0.06741413184525222
1006,-1,-0.8085184919923231,0.9328424415795373,0.06715755842046268
1135,-1,-0.8093375248902381,0.9330111389165452,0.06698886108345467
995,-1,-0.813054375236982,0.9337717713920394,0.06622822860796058
4,-1,-0.8137608247188934,0.9339154318909177,0.06608456810908224
729,-1,-0.8162818652560052,0.9344257422417768,0.06557425775822298
193,-1,-0.8218410877714734,0.9355381187981447,0.06446188120185509
1139,-1,-0.8320131775338142,0.9375281387652225,0.06247186123477744
597,-1,-0.835127276424611,0.938125812678068,0.06187418732193209
1007,-1,-0.8365426422007614,0.9383956880484116,0.06160431195158817
687,-1,-0.8376531543432144,0.9386066649206926,0.061393335079307554
173,-1,-0.8411192720297814,0.9392608278485721,0.06073917215142796
992,-1,-0.8469156301189661,0.9403402290903606,0.059659770909639406
1080,-1,-0.8539781876552209,0.9390408038103226,0.06095919618967744
1074,-1,-0.8542740726481506,0.9390983040365068,0.060901695963493145
1112,-1,-0.8605058629183079,0.9402975440099607,0.059702455990039364
1114,-1,-0.8608823868257836,0.9403692840834866,0.059630715916513255
466,-1,-0.8609742829565042,0.9403867809406624,0.059613219059337565
555,-1,-0.8701410484940834,0.9421079600169106,0.057892039983089526
613,-1,-0.8718567874464965,0.9424248463803513,0.05757515361964881
1011,-1,-0.8757809920954303,0.9431434581095257,0.05685654189047431
308,-1,-0.8781140080237807,0.9435666480340372,0.05643335196596272
997,-1,-0.8785782015725333,0.9436504917527344,0.056349508247265555
1136,-1,-0.883901588825821,0.9446035977914229,0.05539640220857705
462,-1,-0.8851607779092937,0.9448267939413227,0.05517320605867721
35,-1,-0.885451858524844,0.9448782673019955,0.05512173269800437
179,-1,-0.8860098292182916,0.9449768086330393,0.055023191366960655
594,-1,-0.8878948892062086,0.9453084848299991,0.05469151517000088
140,-1,-0.8951663195738074,0.946570145267861,0.05342985473213889
1127,-1,-0.8956602026945895,0.946654824842389,0.05334517515761107
461,-1,-0.8989950936910008,0.9472232719234344,0.052776728076565624
878,-1,-0.9040618805112979,0.9480758720189391,0.05192412798106085
599,-1,-0.9092802234609587,0.9489402018985474,0.05105979810145265
36,-1,-0.9094111988399336,0.9489617176116331,0.05103828238836695
1113,-1,-0.9103069383909512,0.9491086308743181,0.05089136912568192
950,-1,-0.910604955083433,0.9491574197547498,0.0508425802452502
328,-1,-0.9131420832086463,0.9495709673720224,0.0504290326279776
195,-1,-0.9211070465281762,0.9508483921888197,0.04915160781118049
718,-1,-0.9217855529675142,0.950955764208978,0.04904423579102192
586,-1,-0.923164600831369,0.9511733013849731,0.04882669861502702
331,-1,-0.9236238429543616,0.9512455383244349,0.04875446167556517
230,-1,-0.924215694282055,0.9513384827207142,0.04866151727928578
1141,-1,-0.9283719104383099,0.9519863941565642,0.04801360584343573
735,-1,-0.9316205470012888,0.9524870373805956,0.047512962619404325
983,-1,-0.9342577972141214,0.9528897613620356,0.0471102386379644
944,-1,-0.9344614144754151,0.9529207178594798,0.04707928214052006
329,-1,-0.9348735085852488,0.952983309720355,0.047016690279644884
596,-1,-0.936326004195363,0.9532032866643932,0.04679671333560691
5,-1,-0.9370595328407743,0.9533140005577208,0.04668599944227921
1140,-1,-0.9381579246978382,0.9534793125056513,0.04652068749434862
688,-1,-0.9390306866242082,0.953610263835243,0.04638973616475707
1111,-1,-0.9390692217543574,0.9536160375394304,0.046383962460569576
982,-1,-0.9400081695095662,0.9537565057652875,0.04624349423471242
880,-1,-0.9406714408648872,0.9538554849493256,0.046144515050674344
172,-1,-0.9446271115385645,0.9544415537611627,0.04555844623883737
1008,-1,-0.9527055551348658,0.9556162001540185,0.04438379984598141
585,-1,-0.9616659746535955,0.9568848288068819,0.04311517119311815
463,-1,-0.9652708225383968,0.9573852395045256,0.04261476049547442
981,-1,-0.9661158065360922,0.9575017197948685,0.04249828020513139
332,-1,-0.966497613891939,0.9575542502841101,0.042445749715889776
452,-1,-0.966786985529885,0.9575940211711685,0.04240597882883151
465,-1,-0.9684611935214431,0.9578234138248822,0.042176586175117624
851,-1,-0.9689751401597161,0.9578935907592179,0.04210640924078205
615,-1,-0.9717692063184413,0.9582731292524332,0.0417268707475668
94,-1,-0.9723262167007347,0.9583483941193385,0.04165160588066146
744,-1,-0.9800685698270168,0.9593810091438291,0.04061899085617105
460,-1,-0.9811200310896362,0.9595193118940805,0.04048068810591949
1150,-1,-0.9817222864955234,0.9595983225337527,0.04040167746624739
289,-1,-0.9821572881059957,0.9596552976497157,0.040344702350284214
196,-1,-0.9830517984508167,0.9597722123190955,0.04022778768090462
1009,-1,-0.9838578051419866,0.959877277073485,0.04012272292651496
745,-1,-0.9851827479144625,0.9600494065297425,0.03995059347025756
1076,-1,-0.9860469602080416,0.9601612929890947,0.039838707010905174
591,-1,-0.9905153394041569,0.9607349505143803,0.03926504948561975
947,-1,-0.992772403625745,0.9610216504940234,0.038978349505976506
867,-1,-0.9930663719975296,0.9610588409446491,0.038941159055350824
325,-1,-0.9930668465534593,0.9610589009535899,0.038941099046410126
468,-1,-0.9938376710793291,0.9611562550696945,0.038843744930305624
365,-1,-0.9944696720908994,0.96123589900318,0.03876410099682006
850,-1,-0.9948542308183709,0.9612842826959193,0.038715717304080875
632,-1,-0.9950255580891971,0.9613058194770122,0.03869418052298776
451,-1,-0.9957693201142555,0.961399179177677,0.03860082082232306
423,-1,-0.9961491597871422,0.9614467733048275,0.03855322669517259
881,-1,-0.9963058975876624,0.961466395965927,0.038533604034073084
556,-1,-0.9963895059622456,0.9614768592664711,0.03852314073352897
326,-1,-0.9966129987367278,0.9615048150250635,0.03849518497493649
141,-1,-0.9976317227283504,0.9616319925564948,0.03836800744350522
764,-1,-0.998149595910488,0.9616964867276042,0.03830351327239577
719,-1,-0.9994006465774975,0.9618518525442601,0.03814814745574004
458,-1,-1.0013048948713803,0.9620871588748888,0.03791284112511132
333,-1,-1.0030477296376727,0.9623012782255984,0.03769872177440163
317,-1,-1.0031700790226599,0.9623162652976297,0.03768373470237029
1010,-1,-1.0032039198446199,0.9623204095706108,0.03767959042938924
746,-1,-1.003297668935645,0.9623318881108283,0.03766811188917167
1084,-1,-1.007618113787099,0.9628571922546739,0.03714280774532617
1073,-1,-1.0081281757380538,0.962918734494259,0.0370812655057411
275,-1,-1.0082360070310235,0.9629317322746975,0.037068267725302494
190,-1,-1.0105088976823058,0.9632046692554125,0.03679533074458761
188,-1,-1.012052400997276,0.9633888985859088,0.03661110141409116
453,-1,-1.012722534592786,0.963468603486107,0.0365313965138931
895,-1,-1.014873704425373,0.9637233170177831,0.03627668298221696
1005,-1,-1.0151213102009375,0.9637525236453605,0.0362474763546395
852,-1,-1.0204601099503223,0.9643767055061495,0.03562329449385046
330,-1,-1.0207527695542913,0.9644106159931911,0.03558938400680888
946,-1,-1.0215806387892317,0.9645063703454541,0.035493629654545965
346,-1,-1.0220445361106905,0.964559916157934,0.03544008384206597
602,-1,-1.023111437789827,0.9646827646268362,0.035317235373163836
324,-1,-1.0241373630776713,0.9648005018356054,0.03519949816439452
984,-1,-1.0241968704631095,0.9648073192221152,0.03519268077788479
1025,-1,-1.0242129038203962,0.9648091558419258,0.0351908441580743
1149,-1,-1.0255657360383967,0.9649637852535818,0.035036214746418104
875,-1,-1.0256047756035584,0.9649682376090565,0.03503176239094346
1138,-1,-1.0277863200384953,0.9652161584932037,0.034783841506796295
457,-1,-1.0284272738727998,0.9652886724171772,0.034711327582822894
817,-1,-1.0284401108907513,0.9652901232124226,0.034709876787577365
816,-1,-1.0287496019886346,0.9653250828562128,0.034674917143787135
477,-1,-1.0341382745503467,0.9659282803334859,0.03407171966651408
1154,-1,-1.0357349325921923,0.9661050242869715,0.033894975713028345
587,-1,-1.0357865600726797,0.9661107242296845,0.03388927577031549
323,-1,-1.0433418725143824,0.966934817226277,0.033065182773723036
1012,-1,-1.046327051360278,0.9672549789683097,0.032745021031690406
59,-1,-1.0499287771532142,0.9676372178283094,0.032362782171690536
720,-1,-1.0535378298106617,0.9680158394557952,0.03198416054420493
853,-1,-1.0540271923267486,0.9680668418514982,0.03193315814850185
1081,-1,-1.055341650641546,0.9682034423381194,0.031796557661880595
499,-1,-1.0556956842773255,0.9682401358200706,0.03175986417992931
877,-1,-1.0573834927548842,0.9684144960133598,0.03158550398664003
1152,-1,-1.0580605472524942,0.9684841749676224,0.031515825032377535
316,-1,-1.0584607729174655,0.9685252930705415,0.03147470692945849
1075,-1,-1.059031380488837,0.9685838246058461,0.03141617539415383
1017,-1,-1.0604103221708556,0.9687248318285143,0.031275168171485776
318,-1,-1.062971743924898,0.9689851075029836,0.0310148924970164
951,-1,-1.063204818726942,0.9690086851378061,0.030991314862193843
685,-1,-1.0657058504840187,0.9692605806525104,0.030739419347489638
612,-1,-1.067305731925954,0.9694206582649751,0.030579341735024936
749,-1,-1.0680328143780506,0.969493135916856,0.03050686408314406
181,-1,-1.0703262249938301,0.9697206442291848,0.030279355770815027
686,-1,-1.070637120604731,0.9697513565791255,0.030248643420874546
1019,-1,-1.0722301772466225,0.9699082490795452,0.030091750920454723
180,-1,-1.073441715802021,0.9700270313391349,0.029972968660865074
57,-1,-1.074369470563446,0.9701176786274808,0.029882321372519238
558,-1,-1.0765943881321358,0.970333968501215,0.029666031498785078
192,-1,-1.0771914707413515,0.9703917496396746,0.029608250360325362
610,-1,-1.0800193590808103,0.970663909515366,0.029336090484633946
588,-1,-1.082013099779844,0.9708543075636664,0.029145692436333474
1134,-1,-1.0855478397691798,0.9711888802097975,0.028811119790202403
334,-1,-1.0870342535455872,0.9713284404083626,0.028671559591637412
44,-1,-1.088048848705973,0.9714233185196467,0.028576681480353368
1151,-1,-1.0880960329517082,0.9714277233351093,0.028572276664890688
747,-1,-1.0898794945577484,0.9715937259723038,0.02840627402769627
58,-1,-1.0900753144578526,0.9716118946500556,0.028388105349944327
322,-1,-1.092423138621876,0.9718288417969614,0.028171158203038636
815,-1,-1.0926639782116152,0.971851003562879,0.02814899643712094
1020,-1,-1.0930433430768174,0.9718858773966765,0.028114122603323577
1132,-1,-1.0935379406561598,0.9719312802463513,0.02806871975364875
1128,-1,-1.093963681189875,0.9719703042791905,0.028029695720809548
1021,-1,-1.095111837344369,0.9720752795383744,0.027924720461625595
756,-1,-1.097365476621825,0.9722802023167668,0.027719797683233193
887,-1,-1.0988346009301664,0.9724129899899394,0.027587010010060687
690,-1,-1.1002410280097727,0.9725395227459682,0.02746047725403176
481,-1,-1.100491337651394,0.9725619823853379,0.02743801761466214
198,-1,-1.1011921047853825,0.9726247640627024,0.02737523593729768
684,-1,-1.1012932205013128,0.9726338113031465,0.027366188696853505
480,-1,-1.1017064550064728,0.9726707544441306,0.02732924555586948
319,-1,-1.1019034534113745,0.9726883487642956,0.027311651235704473
1022,-1,-1.102111681955923,0.972706933919705,0.027293066080295112
276,-1,-1.1024768352908447,0.9727394950575936,0.027260504942406436
1142,-1,-1.1024943420296611,0.9727410551900548,0.02725894480994511
998,-1,-1.1034854699325942,0.9728292371021462,0.027170762897853813
888,-1,-1.1041094750509597,0.972884611152796,0.027115388847204006
182,-1,-1.1049758806695027,0.9729613111214035,0.027038688878596544
748,-1,-1.1055774904279025,0.9730144435960976,0.026985556403902385
1018,-1,-1.1056890489949658,0.9730242848007421,0.02697571519925777
1023,-1,-1.1066825965948721,0.9731117750619139,0.02688822493808593
56,-1,-1.1091506649801939,0.9733278989875983,0.026672101012401635
891,-1,-1.1104537022677077,0.9734413106964261,0.0265586893035739
821,-1,-1.1106806446128463,0.9734610142017112,0.026538985798288853
482,-1,-1.1130015294707476,0.9736616903749553,0.02633830962504483
187,-1,-1.1133316576065893,0.9736901130164207,0.02630988698357925
497,-1,-1.1146911511637692,0.9738068407771111,0.02619315922288902
553,-1,-1.1149178905466786,0.973826259060597,0.02617374093940294
1153,-1,-1.115093563590328,0.9738412941728964,0.02615870582710344
197,-1,-1.1159444866306698,0.9739140004145718,0.02608599958542815
479,-1,-1.1166562806094151,0.9739746655527974,0.02602533444720256
420,-1,-1.1170716290160991,0.9740100006622218,0.025989999337778298
742,-1,-1.1180144549299447,0.9740900342743082,0.025909965725691864
603,-1,-1.1189070393501281,0.9741655786355234,0.025834421364476393
691,-1,-1.1208766801218517,0.9743315110700597,0.02566848892994027
3,-1,-1.121432912070073,0.9743781798347746,0.025621820165225323
454,-1,-1.1214825597816467,0.9743823412799109,0.025617658720089306
1148,-1,-1.1220063365352555,0.9744262032968944,0.025573796703105625
1085,-1,-1.122684976190957,0.9744829234472127,0.025517076552787458
631,-1,-1.124428048876676,0.9746280388585165,0.025371961141483598
820,-1,-1.1260053443012783,0.9747586496282321,0.02524135037176782
630,-1,-1.126926536626189,0.9748346229146923,0.02516537708530781
945,-1,-1.1307501095523007,0.9751475541581197,0.024852445841880396
93,-1,-1.1349098079267372,0.9754836251984204,0.024516374801579706
763,-1,-1.136148227014403,0.9755828085460094,0.024417191453990676
1089,-1,-1.1375871097231125,0.9756975482979198,0.024302451702080147
327,-1,-1.1398967990641486,0.9758806136734501,0.02411938632654991
186,-1,-1.1415256710914394,0.9760088964875876,0.023991103512412442
822,-1,-1.142939777629714,0.9761197176053285,0.023880282394671524
889,-1,-1.1433404913991618,0.9761510286305166,0.023848971369483465
552,-1,-1.1450120738934886,0.9762812052437657,0.023718794756234247
419,-1,-1.1466063822501937,0.9764047086117862,0.023595291388213896
1003,-1,-1.1478646202252336,0.9765017285712159,0.023498271428784166
51,-1,-1.1482164252383533,0.9765287847568935,0.023471215243106323
721,-1,-1.1489456061773125,0.9765847655256087,0.023415234474391283
422,-1,-1.1491687308529217,0.976601868850943,0.023398131149057
960,-1,-1.1493280854523102,0.9766140763934651,0.023385923606535
424,-1,-1.1498505102307424,0.9766540531353565,0.023345946864643655
952,-1,-1.1510787622885292,0.976747774496514,0.023252225503486084
955,-1,-1.1519367706695745,0.976813023407056,0.02318697659294387
1146,-1,-1.152680683610105,0.9768694489301964,0.023130551069803516
892,-1,-1.153878587918117,0.9769600238696597,0.02303997613034015
153,-1,-1.1542170040163269,0.9769855482085283,0.023014451791471692
288,-1,-1.1574335647566392,0.9772267567595742,0.022773243240425855
954,-1,-1.1588024388648006,0.9773286468393443,0.022671353160655786
823,-1,-1.1591237840289048,0.9773525001523251,0.0226474998476751
183,-1,-1.1598276864479362,0.9774046636753052,0.022595336324694855
879,-1,-1.1652490024586564,0.9778024474387152,0.022197552561284736
1147,-1,-1.165584945335512,0.9778268672978571,0.02217313270214297
760,-1,-1.165680640279931,0.9778338185385145,0.02216618146148538
50,-1,-1.1663816456101053,0.9778846734536121,0.02211532654638784
886,-1,-1.1679312956060197,0.9779966838667521,0.02200331613324799
362,-1,-1.168604457362597,0.9780451653782049,0.021954834621795143
557,-1,-1.1686825205857474,0.9780507806819791,0.02194921931802096
624,-1,-1.171458823730602,0.9782495648046311,0.02175043519536894
614,-1,-1.1726188437565326,0.9783320929588656,0.021667907041134516
363,-1,-1.1739091092216223,0.9784235225831298,0.021576477416870098
1083,-1,-1.1754694914758173,0.9785335820652483,0.021466417934751632
683,-1,-1.175480230321133,0.9785343375832971,0.021465662416702985
689,-1,-1.1759063918321926,0.97856429836762,0.021435701632380018
736,-1,-1.1768228244283574,0.9786285866843618,0.02137141331563821
953,-1,-1.1770835088972376,0.9786468389060564,0.021353161093943585
757,-1,-1.1772801929675285,0.978660599809256,0.021339400190743898
496,-1,-1.1790832894173755,0.9787863433708418,0.021213656629158223
45,-1,-1.180727030910618,0.9789003334326903,0.021099666567309525
1090,-1,-1.1812315249591996,0.9789351970456724,0.02106480295432757
154,-1,-1.1813824300584321,0.9789456144009275,0.021054385599072613
194,-1,-1.1820744995754482,0.9789933242639395,0.021006675736060423
498,-1,-1.1821159768241694,0.9789961802123125,0.02100381978768754
1082,-1,-1.183222032792463,0.9790721966396966,0.0209278033603035
629,-1,-1.1843040440596901,0.9791462964340013,0.02085370356599857
868,-1,-1.1843277893143496,0.979147919667302,0.020852080332698097
762,-1,-1.184831204764339,0.9791823038262141,0.020817696173785833
873,-1,-1.1882295001732908,0.9794129463546626,0.020587053645337416
226,-1,-1.188320065927854,0.9794190582462756,0.02058094175372432
551,-1,-1.1886307365776005,0.9794400103883137,0.020559989611686244
616,-1,-1.1897403388022352,0.9795146711426007,0.020485328857399236
92,-1,-1.1910221461330508,0.9796005840340527,0.020399415965947285
893,-1,-1.1912492127656282,0.9796157658072864,0.02038423419271348
894,-1,-1.1920981590120663,0.9796724274548025,0.020327572545197535
55,-1,-1.1935570361511825,0.9797694331431818,0.02023056685681828
191,-1,-1.1945924442960778,0.9798380020400662,0.02016199795993388
49,-1,-1.1953175704331742,0.9798858854187484,0.020114114581251608
361,-1,-1.196423540217122,0.97995870034466,0.020041299655340152
343,-1,-1.1974639281504458,0.9800269586167405,0.01997304138325934
1024,-1,-1.1976695725836541,0.9800404232938446,0.01995957670615561
229,-1,-1.1997170090740295,0.980173989759495,0.019826010240505013
491,-1,-1.2013394146992207,0.9802791984364313,0.019720801563568785
495,-1,-1.2015278439617376,0.9802913815864257,0.01970861841357428
60,-1,-1.203964154105593,0.980448233171642,0.019551766828357995
2,-1,-1.204241788923752,0.980466028659652,0.01953397134034809
1144,-1,-1.2068999684975255,0.9806355971824702,0.019364402817529717
285,-1,-1.2075551008200949,0.9806771638399474,0.019322836160052655
46,-1,-1.2085732954425275,0.9807415901563954,0.01925840984360464
410,-1,-1.2125938278898198,0.9809939116270698,0.019006088372930167
611,-1,-1.2134104309251421,0.9810447575418253,0.018955242458174714
814,-1,-1.2136613302979218,0.9810603526763831,0.018939647323616717
890,-1,-1.2140344482633887,0.9810835209744705,0.018916479025529415
755,-1,-1.2145776756154594,0.9811172016777527,0.0188827983222471
211,-1,-1.2153739447728333,0.9811664636179479,0.018833536382051992
623,-1,-1.2175395815336554,0.9812997978618506,0.01870020213814945
618,-1,-1.2183609123770864,0.9813501200171527,0.01864987998284726
999,-1,-1.2203125062735718,0.9814691532541676,0.018530846745832566
54,-1,-1.2210950555426279,0.9815166708292214,0.018483329170778422
469,-1,-1.2221860546677925,0.9815827159345761,0.018417284065423898
554,-1,-1.222943087463906,0.9816284060601214,0.018371593939878673
357,-1,-1.2267555710101394,0.9818567989658046,0.018143201034195342
201,-1,-1.227127267877806,0.9818789145095177,0.018121085490482212
617,-1,-1.2274626396828323,0.9818988457573308,0.018101154242669195
43,-1,-1.229126647173474,0.9819974164081259,0.01800258359187407
874,-1,-1.2302008263039086,0.9820607638745215,0.017939236125478486
139,-1,-1.2308847143098833,0.9821009792426597,0.017899020757340362
227,-1,-1.2318352963392831,0.9821567284749554,0.017843271525044727
1091,-1,-1.2338632481920588,0.9822750864206112,0.017724913579388706
759,-1,-1.2343439473248738,0.9823030269744242,0.01769697302557595
559,-1,-1.235483809807415,0.9823691063763373,0.0176308936236627
418,-1,-1.2403044622586819,0.9826458642143125,0.017354135785687477
761,-1,-1.242566674381649,0.9827742462043231,0.017225753795676944
284,-1,-1.244526239703267,0.9828846890770152,0.01711531092298481
1129,-1,-1.2470573577764643,0.9830263034317527,0.0169736965682473
228,-1,-1.2484505286151335,0.9831037524764428,0.01689624752355734
208,-1,-1.250195631539368,0.9832002703392485,0.016799729660751512
1133,-1,-1.2513431370514891,0.9832634372866622,0.016736562713337816
425,-1,-1.2515048194005178,0.9832723184335131,0.01672768156648677
743,-1,-1.2518327566233598,0.9832903174984854,0.016709682501514483
189,-1,-1.2544209243236144,0.9834316964569295,0.016568303543070515
364,-1,-1.2544236646059483,0.9834318455126989,0.016568154487301177
90,-1,-1.256564267872991,0.9835478755070155,0.016452124492984464
1016,-1,-1.2593131575014098,0.9836956922282084,0.016304307771791596
1088,-1,-1.2600666224968946,0.9837359772261289,0.01626402277387109
628,-1,-1.2611337255174757,0.9837928618747437,0.016207138125256277
52,-1,-1.2625953744533136,0.9838704576046815,0.01612954239531854
824,-1,-1.2658659084456636,0.9840427464795111,0.015957253520488865
421,-1,-1.2659457319795537,0.9840469285365177,0.01595307146348249
692,-1,-1.2673871979621167,0.9841222613468037,0.015877738653196274
758,-1,-1.2717127673575583,0.9843462021168977,0.0156537978831023
1145,-1,-1.2755174258065238,0.9845405740539709,0.015459425946029086
754,-1,-1.2755996094871789,0.9845447460251648,0.015455253974835256
347,-1,-1.2819425874386823,0.9848633818732343,0.015136618126765769
830,-1,-1.287261980725606,0.9851255495980442,0.014874450401955711
956,-1,-1.2873772993443224,0.9851311827441196,0.014868817255880384
1014,-1,-1.2889021322192293,0.9852054691300751,0.014794530869924731
1087,-1,-1.2894385801139856,0.9852315156620913,0.014768484337908623
813,-1,-1.2901179599268746,0.9852644365349168,0.014735563465083097
430,-1,-1.2910700973758198,0.9853104515337847,0.01468954846621522
53,-1,-1.2935827965681128,0.9854311994886471,0.014568800511352804
1004,-1,-1.2949625384416539,0.985497082096988,0.014502917903011905
626,-1,-1.2968445529594326,0.9855864699803378,0.014413530019662057
959,-1,-1.2973780821922818,0.985611710417734,0.01438828958226596
627,-1,-1.2978222999528037,0.9856326920746796,0.0143673079253205
490,-1,-1.299588372646489,0.9857158076363951,0.0142841923636048
750,-1,-1.3005160043405979,0.98575927213296,0.014240727867039834
484,-1,-1.304374244876502,0.9859386421234863,0.01406135787651374
216,-1,-1.3091800740390438,0.9861589206497416,0.013841079350258398
625,-1,-1.3094167221408333,0.9861696783124406,0.01383032168755931
222,-1,-1.3094635852562209,0.9861718076499115,0.013828192350088454
149,-1,-1.310989736334028,0.9862409737111673,0.01375902628883273
210,-1,-1.3111323364463308,0.986247418795119,0.01375258120488101
91,-1,-1.3114305643845618,0.9862608880523642,0.01373911194763583
829,-1,-1.3130150599019812,0.9863322305432101,0.013667769456790053
751,-1,-1.31495695867028,0.9864191619796853,0.013580838020314772
1143,-1,-1.3150347925923658,0.9864226348005993,0.013577365199400657
885,-1,-1.315706064332207,0.9864525491305495,0.013547450869450356
826,-1,-1.316002727918204,0.9864657486110566,0.013534251388943522
1086,-1,-1.3169364880401364,0.9865072108894256,0.01349278911057431
961,-1,-1.318666523320983,0.9865836963742904,0.013416303625709662
65,-1,-1.3188536209549326,0.9865919420926401,0.013408057907360037
478,-1,-1.3193439795808688,0.9866135290932019,0.013386470906798235
80,-1,-1.3198187520699447,0.9866343969422552,0.013365603057744797
825,-1,-1.3238244849157579,0.9868091765553585,0.013190823444641418
606,-1,-1.3254429339757694,0.9868791454780248,0.013120854521975112
1015,-1,-1.3300337405548657,0.9870756090822632,0.01292439091773672
622,-1,-1.3301413678751963,0.9870801796415777,0.012919820358422308
286,-1,-1.330547632620844,0.987097417782079,0.012902582217920858
290,-1,-1.3311314671748433,0.9871221502106112,0.012877849789388746
1002,-1,-1.3313629367724342,0.9871319426493563,0.012868057350643553
609,-1,-1.3324343729502413,0.9871771736842817,0.012822826315718404
342,-1,-1.3326229256645656,0.987185117083831,0.012814882916169033
492,-1,-1.3350198859721842,0.9872856703343463,0.012714329665653631
489,-1,-1.3377758171530303,0.9874003107613976,0.012599689238602454
295,-1,-1.3400750028811355,0.9874951626826283,0.012504837317371675
882,-1,-1.3419684217405945,0.9875727400528699,0.012427259947130032
356,-1,-1.342026818513484,0.9875751250483995,0.012424874951600608
957,-1,-1.345831699854244,0.9877295414202424,0.012270458579757585
472,-1,-1.3463834287964584,0.9877517732251513,0.012248226774848655
739,-1,-1.347483081329819,0.9877959637638338,0.01220403623616607
61,-1,-1.3486468137032805,0.9878425562656488,0.012157443734351127
225,-1,-1.348673032644125,0.9878436039509431,0.012156396049056953
348,-1,-1.3489122632759398,0.987853159234213,0.012146840765787028
89,-1,-1.3491293224465069,0.9878618224702364,0.012138177529763672
337,-1,-1.3492221128082347,0.9878655240262653,0.012134475973734786
360,-1,-1.3492640174774622,0.9878671953016003,0.012132804698399818
958,-1,-1.3505759678768778,0.9879194036187146,0.0120805963812854
351,-1,-1.351613169739306,0.9879605198530365,0.01203948014696355
352,-1,-1.3536466624283132,0.9880407259666631,0.011959274033336789
565,-1,-1.3552120037064828,0.9881021038265996,0.01189789617340046
694,-1,-1.3553909643712094,0.9881091009268691,0.011890899073130972
470,-1,-1.3570830161718275,0.9881750551723576,0.011824944827642408
67,-1,-1.3594880756151384,0.9882681742510956,0.011731825748904374
199,-1,-1.36297944341142,0.9884020530017652,0.011597946998234685
871,-1,-1.3632022298581916,0.9884105439847238,0.01158945601527613
217,-1,-1.3637871832216482,0.9884328086089093,0.011567191391090746
206,-1,-1.3640580696856193,0.9884431046908804,0.011556895309119731
883,-1,-1.3642286708319857,0.9884495843516105,0.011550415648389458
485,-1,-1.3647702358122549,0.9884701297161894,0.011529870283810518
943,-1,-1.3648866051017017,0.9884745396606988,0.011525460339301255
475,-1,-1.366787317714411,0.9885463315868985,0.01145366841310145
493,-1,-1.366834736931045,0.9885481169460834,0.011451883053916742
476,-1,-1.3669030311635209,0.9885506877731147,0.011449312226885371
1115,-1,-1.3690686108346752,0.98863190967634,0.011368090323660094
68,-1,-1.3691858758387565,0.9886362913583978,0.011363708641602206
621,-1,-1.3695339563368667,0.9886492876894201,0.011350712310580022
355,-1,-1.3724977095998663,0.9887593468724283,0.011240653127571783
985,-1,-1.373565056450443,0.9887987215927526,0.011201278407247333
64,-1,-1.3736024498014237,0.9888000985462769,0.011199901453723017
344,-1,-1.3773043255575528,0.9889355819851801,0.011064418014819803
740,-1,-1.381272954509092,0.9890790125950264,0.01092098740497371
221,-1,-1.381296362811577,0.9890798530697473,0.010920146930252738
695,-1,-1.3829556814259265,0.9891392667413827,0.010860733258617377
202,-1,-1.3830195382372055,0.9891415467464184,0.010858453253581478
345,-1,-1.3835684214840014,0.9891611249176595,0.010838875082340412
354,-1,-1.3859191944368818,0.9892445772003483,0.010755422799651663
1013,-1,-1.3888068330699468,0.9893462112152215,0.010653788784778571
17,-1,-1.3913291523179214,0.9894342029018139,0.01056579709818605
204,-1,-1.3923187921995754,0.9894685282980982,0.010531471701901746
336,-1,-1.3933174810574986,0.9895030547467045,0.010496945253295545
828,-1,-1.3937528724805754,0.9895180716238431,0.010481928376156819
62,-1,-1.3957671949285761,0.9895872681083338,0.01041273189166635
741,-1,-1.3958886870999743,0.9895914270296574,0.0104085729703425
296,-1,-1.396353003187361,0.9896073062350197,0.010392693764980398
872,-1,-1.3966403001045968,0.9896171194296418,0.010382880570358164
341,-1,-1.3990213468776813,0.9896980937092376,0.01030190629076247
1116,-1,-1.4044106702417134,0.9898790529548657,0.010120947045134436
737,-1,-1.4051490627928824,0.9899035978635108,0.01009640213648918
494,-1,-1.4061858392928366,0.9899379611144419,0.010062038885558134
1072,-1,-1.4064420745830517,0.989946435853539,0.010053564146460945
473,-1,-1.4068611355432228,0.9899602805469024,0.01003971945309748
753,-1,-1.4070578046770243,0.989966771425526,0.010033228574473923
604,-1,-1.4092183700870473,0.9900378036779011,0.009962196322098854
1130,-1,-1.4106303294149085,0.9900839528175289,0.009916047182471055
358,-1,-1.410711659603793,0.9900866045425616,0.009913395457438566
697,-1,-1.411048038469331,0.9900975644707498,0.009902435529250053
340,-1,-1.4119217007575804,0.9901259737530616,0.009874026246938474
827,-1,-1.4120573635664384,0.9901303778607173,0.009869622139282646
1131,-1,-1.4121941767031985,0.9901348173264787,0.009865182673521256
79,-1,-1.413769111499405,0.9901857792583308,0.009814220741669282
483,-1,-1.4138913858217863,0.9901897248156035,0.009810275184396563
353,-1,-1.4152771810346916,0.9902343312566261,0.009765668743373784
884,-1,-1.4187624462344504,0.9903456233165268,0.009654376683473293
738,-1,-1.4194110565520175,0.9903661946828184,0.0096338053171815
69,-1,-1.4199877312343938,0.9903844477856274,0.009615552214372665
607,-1,-1.4229837698301357,0.990478725275454,0.009521274724545956
203,-1,-1.4257192376006675,0.9905639971738337,0.009436002826166277
18,-1,-1.4266799535274337,0.9905937640276901,0.009406235972309964
431,-1,-1.427202388075381,0.9906099117884133,0.00939008821158664
562,-1,-1.4299692118849987,0.9906949703931615,0.009305029606838641
488,-1,-1.4303183993978925,0.9907056504202146,0.009294349579785392
608,-1,-1.4311111438704043,0.9907298513908861,0.009270148609113927
429,-1,-1.432397644445578,0.9907689919703822,0.009231008029617736
150,-1,-1.432572067183288,0.990774285902904,0.00922571409709615
869,-1,-1.43270493105343,0.9907783164416424,0.009221683558357667
224,-1,-1.4327409940750018,0.9907794101407614,0.009220589859238619
338,-1,-1.4327598570779978,0.990779982155766,0.009220017844233952
563,-1,-1.4331548653388084,0.9907919525292024,0.009208047470797622
66,-1,-1.4335218713540623,0.9908030604140496,0.009196939585950394
213,-1,-1.434607590039814,0.9908358427481844,0.009164157251815592
88,-1,-1.4353187831308318,0.9908572533413464,0.009142746658653469
81,-1,-1.4354977591992903,0.990862633577202,0.009137366422798086
426,-1,-1.436759226605159,0.9909004652532055,0.009099534746794511
605,-1,-1.4434409928293053,0.991098260147276,0.008901739852723928
1000,-1,-1.4450949482316098,0.9911465543613883,0.008853445638611587
1001,-1,-1.4469532233367832,0.9912005025308572,0.008799497469142666
486,-1,-1.4481701514203256,0.9912356535648115,0.008764346435188558
160,-1,-1.4490568091637492,0.9912611763951018,0.008738823604898142
471,-1,-1.4498664274314768,0.9912844167806908,0.008715583219309105
693,-1,-1.4512258754994813,0.9913233014946401,0.008676698505359856
205,-1,-1.4515161278280304,0.991331581203691,0.00866841879630911
215,-1,-1.4519103703564624,0.9913428146925023,0.008657185307497733
681,-1,-1.4552202176962998,0.9914365534942099,0.008563446505790002
339,-1,-1.4561219266117893,0.9914619148201306,0.008538085179869355
619,-1,-1.4583076737735774,0.991523079980399,0.008476920019601066
487,-1,-1.4588211958430621,0.9915373866024475,0.008462613397552426
560,-1,-1.4592113534112983,0.9915482401927467,0.008451759807253321
696,-1,-1.4592127611714203,0.9915482793293129,0.00845172067068708
698,-1,-1.4594161131960144,0.9915539307353995,0.008446069264600408
291,-1,-1.4608432336684443,0.9915934861582886,0.008406513841711477
350,-1,-1.4610570845660298,0.9915993974933683,0.00840060250663169
548,-1,-1.470515817849656,0.9918567480689834,0.008143251931016636
63,-1,-1.474207947678465,0.9919550524352262,0.008044947564773903
474,-1,-1.4744492434428937,0.9919614356098101,0.008038564390189799
85,-1,-1.4788632742596781,0.9920773146484815,0.007922685351518445
74,-1,-1.47900379099627,0.9920809760243714,0.007919023975628579
564,-1,-1.4805513080196009,0.9921211872952,0.00787881270479996
200,-1,-1.4807897784151363,0.992127365639683,0.007872634360316981
223,-1,-1.4816587620629469,0.99214983854581,0.00785016145418989
87,-1,-1.4830221656901363,0.992184968655631,0.007815031344369089
986,-1,-1.4830605910060923,0.9921859564622831,0.007814043537716866
75,-1,-1.4832921623403286,0.9921919068691822,0.007808093130817754
219,-1,-1.4833925456138877,0.992194484889656,0.007805515110344032
220,-1,-1.4836180382809587,0.9922002728417184,0.007799727158281537
292,-1,-1.4837569157514747,0.9922038354191621,0.00779616458083775
870,-1,-1.4853543611613353,0.9922446974693274,0.007755302530672599
218,-1,-1.4862041220434414,0.9922663467953478,0.0077336532046521815
335,-1,-1.487127427598541,0.992289801393161,0.007710198606839059
359,-1,-1.4873426969866703,0.9922952596284325,0.007704740371567535
855,-1,-1.491192597665462,0.9923922261255309,0.007607773874469007
620,-1,-1.4928770997065606,0.9924342689857862,0.007565731014213686
561,-1,-1.4942989817702177,0.992469576527627,0.007530423472373107
349,-1,-1.4993836209741795,0.9925944947114209,0.007405505288579055
752,-1,-1.501575629000393,0.9926477068585402,0.00735229314145975
427,-1,-1.5048074145531258,0.9927254642372882,0.0072745357627117205
76,-1,-1.506027081781784,0.9927545956702709,0.007245404329729121
156,-1,-1.5105886710854657,0.9928625187836582,0.007137481216341784
207,-1,-1.5152516123162465,0.9929711800577986,0.007028819942201425
86,-1,-1.5166577315346637,0.9930036215970429,0.006996378402956964
409,-1,-1.5213388189661137,0.9931105480554562,0.0068894519445438585
812,-1,-1.5293474680963917,0.993289711005162,0.006710288994838066
84,-1,-1.5372547229954923,0.9934620379314801,0.00653796206851976
550,-1,-1.539356110520777,0.9935070861248321,0.006492913875167826
414,-1,-1.5428840867021674,0.9935820202594325,0.006417979740567392
854,-1,-1.544353739585908,0.9936129801192591,0.006387019880740857
680,-1,-1.5450631503771102,0.9936278711930775,0.0063721288069223956
155,-1,-1.5491182081045596,0.9937123264931357,0.006287673506864171
13,-1,-1.553191441066113,0.9937960343114057,0.006203965688594356
287,-1,-1.5585971019317622,0.9939054073906057,0.00609459260939426
417,-1,-1.5586804836967443,0.9939070792815123,0.006092920718487678
70,-1,-1.560398287997325,0.9939414212414741,0.0060585787585257945
159,-1,-1.5652014961701244,0.994036422794146,0.005963577205853998
942,-1,-1.566743721976089,0.994066609272992,0.00593339072700792
152,-1,-1.5743359370483994,0.9942130026563416,0.005786997343658396
972,-1,-1.5747720819492814,0.9942213019247761,0.005778698075223978
722,-1,-1.57484571543042,0.9942227018998164,0.005777298100183582
682,-1,-1.5751841901180978,0.9942291328760404,0.005770867123959629
72,-1,-1.5790310471693998,0.9943017219051196,0.005698278094880414
22,-1,-1.579331188805695,0.9943073469631859,0.005692653036814032
157,-1,-1.57987341865545,0.9943174950155071,0.0056825049844927795
811,-1,-1.584477278390221,0.9944029329309182,0.0055970670690818815
16,-1,-1.5845301919265293,0.9944039073948697,0.005596092605130333
428,-1,-1.585021105753497,0.9944129400607992,0.005587059939200846
71,-1,-1.585503072813581,0.9944217939338883,0.00557820606611165
212,-1,-1.5858802921117587,0.9944287137772242,0.005571286222775701
82,-1,-1.5940898148024027,0.9945772052105514,0.005422794789448676
293,-1,-1.59720300686491,0.9946324755418496,0.005367524458150288
433,-1,-1.6024351324727608,0.9947240992441984,0.005275900755801675
83,-1,-1.6066432917300275,0.9947966560025039,0.005203343997495937
566,-1,-1.607124862773685,0.9948048953585359,0.00519510464146398
19,-1,-1.6085177708287917,0.9948286537444389,0.005171346255561085
455,-1,-1.6099552438118354,0.9948530584022928,0.0051469415977073016
1102,-1,-1.6154022811234106,0.994944495358443,0.005055504641557146
77,-1,-1.6165700661090348,0.9949638860939448,0.005036113906055251
547,-1,-1.6165778135566236,0.9949640144895537,0.005035985510446367
1101,-1,-1.6174920949937621,0.9949791435878411,0.005020856412158829
20,-1,-1.6175561128436198,0.9949802012216509,0.005019798778349059
283,-1,-1.622289100876586,0.9950577808696366,0.0049422191303633315
143,-1,-1.6255517595370417,0.9951105610449958,0.004889438955004138
184,-1,-1.626563739636538,0.9951268171338492,0.004873182866150725
73,-1,-1.6305187494828581,0.9951898325408944,0.0048101674591056465
148,-1,-1.6337107888993092,0.99524009704033,0.004759902959670039
151,-1,-1.6345051527683123,0.995252523954158,0.00474747604584196
320,-1,-1.6509452531957147,0.9955025529298378,0.004497447070162109
679,-1,-1.6526093137592832,0.9955271153032474,0.004472884696752504
294,-1,-1.6532526637821316,0.9955365754913912,0.004463424508608647
279,-1,-1.6545456741373505,0.9955555282079176,0.004444471792082459
21,-1,-1.657351891848056,0.9955963849512743,0.004403615048725793
15,-1,-1.6613802417665937,0.9956543797265589,0.004345620273441194
158,-1,-1.6663006792084294,0.995724182747075,0.004275817252924821
78,-1,-1.6679309274695004,0.9957470619217511,0.004252938078248849
214,-1,-1.669466702822844,0.995768503289295,0.004231496710704959
1095,-1,-1.67664291918504,0.9958672689880692,0.00413273101193089
589,-1,-1.6772900021222905,0.9958760606622066,0.0041239393377934495
723,-1,-1.6830865496572516,0.995953986974839,0.004046013025161033
138,-1,-1.6896375960366006,0.9960402859880325,0.003959714011967386
47,-1,-1.6907786068147126,0.9960551276077154,0.0039448723922845845
23,-1,-1.6925417063105246,0.9960779517211682,0.0039220482788316765
841,-1,-1.6927982815779117,0.9960812621812204,0.00391873781877966
209,-1,-1.6944759813744037,0.9961028399443276,0.003897160055672462
1071,-1,-1.6947346400205472,0.9961061561022823,0.003893843897717821
282,-1,-1.695920632929711,0.9961213251541289,0.0038786748458710255
278,-1,-1.7051467707823147,0.9962373293465524,0.0037626706534476784
146,-1,-1.7089214276223794,0.996283783947595,0.0037162160524050218
941,-1,-1.709873593630064,0.996295411388206,0.0037045886117940013
1098,-1,-1.7117839791664489,0.9963186306167807,0.0036813693832193728
299,-1,-1.7181107517207035,0.9963944937547672,0.003605506245232882
274,-1,-1.7182763994301826,0.9963964588672778,0.0036035411327222477
12,-1,-1.719196108924096,0.9964073501074601,0.003592649892539883
590,-1,-1.7231934634272994,0.9964543058890641,0.0035456941109359183
416,-1,-1.7244874406147546,0.9964693740264929,0.0035306259735070618
413,-1,-1.7289604710047948,0.9965209702406892,0.0034790297593108063
6,-1,-1.7297288505338517,0.9965297572874277,0.003470242712572249
298,-1,-1.7301362906029245,0.9965344076912502,0.003465592308749872
432,-1,-1.7311769519745694,0.9965462572412128,0.003453742758787207
971,-1,-1.7331029944968246,0.9965680814774153,0.0034319185225847094
1100,-1,-1.7333784111037789,0.996571190970637,0.003428809029363067
543,-1,-1.7351055156336619,0.9965906261182877,0.0034093738817122556
412,-1,-1.7396052952082899,0.9966407465260567,0.003359253473943163
281,-1,-1.7398346276077667,0.9966432811045257,0.0033567188954743573
14,-1,-1.755508946413724,0.9968120581556393,0.0031879418443607767
549,-1,-1.756082099278351,0.9968180662614684,0.0031819337385315845
546,-1,-1.759695717061854,0.9968556863785474,0.003144313621452689
810,-1,-1.7691602066653829,0.9969521236751914,0.003047876324808549
1,-1,-1.7703627950980905,0.9969641636408243,0.0030358363591757335
415,-1,-1.7736675426377206,0.9969970054861924,0.003002994513807641
1097,-1,-1.7749479465189306,0.9970096341672002,0.002990365832799764
1096,-1,-1.7838516657736547,0.9970959956933868,0.0029040043066132066
147,-1,-1.7847391246169169,0.9971044657256537,0.0028955342743463234
456,-1,-1.7865122227591521,0.9971213145217425,0.002878685478257537
968,-1,-1.7867051880795175,0.997123142242421,0.00287685775757894
1070,-1,-1.7868554528064582,0.9971245647098635,0.0028754352901364513
1093,-1,-1.787425203466897,0.997129951817687,0.002870048182312934
709,-1,-1.7937714525660517,0.9971892789888519,0.0028107210111481358
9,-1,-1.7946310815896147,0.9971972202695731,0.0028027797304267265
161,-1,-1.802877075976188,0.9972722664840387,0.0027277335159612893
10,-1,-1.8035967206133054,0.9972787198117998,0.0027212801882000913
142,-1,-1.8051165101841193,0.9972922982280912,0.0027077017719086744
25,-1,-1.8079447003045728,0.9973173863561853,0.0026826136438146348
576,-1,-1.8140984680791916,0.9973711746752161,0.0026288253247840647
145,-1,-1.8184921592884435,0.9974089175818525,0.0025910824181474864
297,-1,-1.8205400675341312,0.9974263240246359,0.0025736759753639898
162,-1,-1.821611877307384,0.9974353873426204,0.0025646126573796854
966,-1,-1.8269942081582349,0.997480420566157,0.002519579433842964
1099,-1,-1.8307890660003248,0.9975116955428267,0.0024883044571731463
970,-1,-1.8308408164245156,0.9975121193454665,0.0024878806545335667
840,-1,-1.8329368899250582,0.9975292243108514,0.0024707756891485973
545,-1,-1.8358046661552319,0.9975524364065217,0.002447563593478428
321,-1,-1.8360985594907644,0.9975548028589727,0.002445197141027149
277,-1,-1.8377315777549967,0.9975679104397982,0.002432089560201869
967,-1,-1.8444960954360148,0.9976214624218018,0.0023785375781980598
940,-1,-1.8478602357503284,0.9976476543615879,0.002352345638412166
839,-1,-1.8499771000521097,0.9976639874475737,0.0023360125524263284
969,-1,-1.8506124651905829,0.9976688675723978,0.0023311324276022627
708,-1,-1.8519568770689434,0.9976791601775904,0.0023208398224096307
280,-1,-1.8529053783988432,0.9976863944041263,0.002313605595873539
965,-1,-1.8533349983444194,0.9976896636951168,0.002310336304883193
837,-1,-1.8579131294342397,0.9977242164458682,0.002275783554131746
678,-1,-1.8600811208427845,0.9977403982752084,0.0022596017247915145
163,-1,-1.8609967251968285,0.9977471977197571,0.0022528022802429364
1092,-1,-1.8650127546852342,0.997776780639697,0.0022232193603029956
963,-1,-1.865995018299155,0.9977839568828479,0.0022160431171520827
11,-1,-1.8765091649677268,0.997859335562088,0.002140664437912002
48,-1,-1.877525622072512,0.9978664854879721,0.0021335145120279725
24,-1,-1.8808872283251732,0.9978899619402443,0.002110038059755814
964,-1,-1.8818771079262133,0.9978968256054875,0.002103174394512354
962,-1,-1.8885166284076758,0.9979422894702789,0.0020577105297211046
832,-1,-1.8897005177771025,0.9979502922560709,0.0020497077439289735
185,-1,-1.891632715931061,0.9979632866250402,0.0020367133749597394
836,-1,-1.8922075619294165,0.9979671366420416,0.0020328633579584543
1094,-1,-1.9013409736000508,0.9980273401993908,0.001972659800609204
442,-1,-1.903055137285354,0.9980384389237172,0.0019615610762827944
705,-1,-1.908078485852134,0.9980706053829594,0.0019293946170404136
677,-1,-1.9173422675499696,0.9981285481578338,0.0018714518421660835
411,-1,-1.9217050314524284,0.9981552303080826,0.001844769691917275
838,-1,-1.9328445612828498,0.9982216454574492,0.001778354542550885
707,-1,-1.9330906329611452,0.998223085251418,0.0017769147485819628
809,-1,-1.9397666647604044,0.9982617058153487,0.001738294184651374
575,-1,-1.9398148249336966,0.9982619813484181,0.0017380186515817905
171,-1,-1.9430424937266977,0.9982803482310515,0.001719651768948417
8,-1,-1.9478091941446423,0.9983071185257025,0.0016928814742975084
7,-1,-1.9506994250637995,0.9983231470142275,0.0016768529857724545
833,-1,-1.9651004148152331,0.9984007776618926,0.0015992223381074571
573,-1,-1.9655529608592268,0.9984031580460523,0.001596841953947727
440,-1,-1.9691664523168637,0.9984220382978718,0.0015779617021282363
26,-1,-1.9702396637578838,0.9984276026430315,0.0015723973569684384
144,-1,-1.976047764500176,0.9984573775986515,0.001542622401348555
834,-1,-1.9799918922730573,0.9984772749067369,0.0015227250932632822
306,-1,-1.9816548789485668,0.9984855872240112,0.0015144127759889364
699,-1,-1.9840087562897344,0.9984972754013004,0.0015027245986996229
567,-1,-1.98871719435299,0.9985203851655599,0.0014796148344401142
307,-1,-1.9890911702813245,0.9985222053922734,0.001477794607726476
701,-1,-1.9903787208461743,0.9985284550883746,0.0014715449116252655
831,-1,-1.996902350305772,0.9985597165367592,0.0014402834632407254
700,-1,-1.9998303008712484,0.9985735306062475,0.0014264693937525038
544,-1,-2.0019271223069133,0.9985833419209216,0.001416658079078326
706,-1,-2.0096330459696543,0.9986188228496311,0.0013811771503689859
574,-1,-2.0136144941156275,0.9986368053279009,0.0013631946720990653
835,-1,-2.0161252864599524,0.9986480249240892,0.0013519750759108924
441,-1,-2.0251754657310426,0.9986877052729909,0.0013122947270091606
300,-1,-2.052496185334493,0.9988005666338958,0.0011994333661040706
702,-1,-2.066315641572806,0.9988539039188173,0.0011460960811826685
704,-1,-2.0927704251054924,0.998949482007245,0.001050517992755053
569,-1,-2.094414666261489,0.9989551522210361,0.0010448477789637665
434,-1,-2.1073110712479397,0.9989985774204931,0.001001422579506926
568,-1,-2.114153750449175,0.9990208806372181,0.0009791193627819875
572,-1,-2.120957539999658,0.9990425645840174,0.0009574354159826282
703,-1,-2.1525919594003513,0.9991372451404709,0.0008627548595292754
435,-1,-2.2282734421624957,0.9993274898117683,0.0006725101882315616
571,-1,-2.239903463057823,0.9993527479398764,0.0006472520601236575
439,-1,-2.2500569866296547,0.9993740225294323,0.0006259774705676593
570,-1,-2.2514791889266688,0.999376946090209,0.0006230539097910234
305,-1,-2.2611370450087653,0.9993964413849887,0.0006035586150113287
165,-1,-2.268311268774419,0.9994105272954731,0.0005894727045268996
34,-1,-2.2694385799232886,0.999412710580164,0.0005872894198359056
438,-1,-2.275723434348052,0.9994247352004586,0.0005752647995415372
164,-1,-2.287028401801997,0.9994457483080865,0.0005542516919135527
170,-1,-2.2895918894155973,0.9994504054107258,0.0005495945892740855
436,-1,-2.289911110450407,0.9994509825948461,0.0005490174051538023
437,-1,-2.349466932468328,0.999548716650022,0.00045128334997789814
1069,-1,-2.365833219810777,0.9995723847278496,0.0004276152721503538
303,-1,-2.3895949140307504,0.9996045558652874,0.0003954441347125344
302,-1,-2.3929502143929753,0.9996088992640807,0.0003911007359192395
29,-1,-2.3942993690629604,0.9996106322523454,0.0003893677476546282
304,-1,-2.4163432638013638,0.9996378841421859,0.00036211585781409866
808,-1,-2.427708828508976,0.9996511810147483,0.0003488189852518349
169,-1,-2.431741539874363,0.9996557806919857,0.00034421930801439724
167,-1,-2.433199752110909,0.9996574289434534,0.0003425710565465876
301,-1,-2.4410791937747716,0.999666199672889,0.00033380032711087293
939,-1,-2.450103319711936,0.9996759690561268,0.0003240309438733067
27,-1,-2.4588869423399906,0.9996852034094206,0.00031479659057948045
33,-1,-2.473298018974208,0.9996997873904186,0.00030021260958131143
676,-1,-2.5026745048651393,0.9997274574548025,0.00027254254519758263
28,-1,-2.5337300786701964,0.9997539409352781,0.0002460590647217023
168,-1,-2.5424997316583036,0.9997609422279178,0.00023905777208221024
166,-1,-2.5614257874354776,0.9997753804977237,0.00022461950227633813
32,-1,-2.566407913921041,0.9997790340530294,0.00022096594697059625
31,-1,-2.600237957460532,0.9998023193289821,0.00019768067101782439
30,-1,-2.6212437299055824,0.9998155257419948,0.0001844742580050382
