seqIndex,netCharge,FC,LW,DP,NK,AE,pcMK,_SolventAccessibilityD1025,tau2_GRAR740104,tau4_GRAR740104,QSO50_GRAR740104,QSO29_GRAR740104
1,-1.0,0.0,0.0,0.0,0.0,0.0,1.0,25.0,13281.111111111111,13391.3125,0.0,0.043828
2,0.0,0.0,0.0,0.0,0.0,0.0,1.0,20.0,14536.611111111111,12665.3125,0.0,0.042528
3,0.0,0.0,0.0,0.0,0.0,0.0,1.0,15.0,15144.111111111111,12409.3125,0.0,0.040119
4,0.0,0.0,0.0,0.0,0.0,0.0,1.0,15.0,15221.5,13984.125,0.0,0.040321
5,0.0,0.0,0.0,0.0,0.0,0.0,1.0,10.0,15044.833333333334,14390.125,0.0,0.042026
6,0.0,0.0,0.0,0.0,0.0,0.0,1.0,15.0,16161.333333333334,16401.0625,0.0,0.033729
7,0.0,0.0,0.0,0.0,0.0,0.0,1.0,20.0,16404.0,14853.3125,0.0,0.03317
8,0.0,0.0,0.0,0.0,0.0,0.0,1.0,15.0,17272.88888888889,14414.5625,0.0,0.032474
9,1.0,0.0,0.0,0.0,0.0,0.0,1.0,15.0,15489.777777777777,14153.625,0.0,0.039517
10,0.0,0.0,0.0,0.0,0.0,0.0,0.0,10.0,15712.0,14951.8125,0.0,0.03774
11,0.0,0.0,0.0,0.0,0.0,0.0,0.0,5.0,14123.388888888889,14500.5,0.0,0.047351
12,0.0,0.0,0.0,0.0,0.0,0.0,0.0,5.0,13420.944444444445,14646.75,0.0,0.038886
13,1.0,0.0,0.0,0.0,0.0,0.0,0.0,5.0,12709.833333333334,13332.6875,0.0,0.040535
14,1.0,0.0,0.0,0.0,0.0,0.0,0.0,10.0,12594.277777777777,12585.1875,0.0,0.041022
15,1.0,0.0,0.0,0.0,0.0,0.0,0.0,5.0,13054.722222222223,12667.875,0.0,0.052847
16,0.0,0.0,0.0,0.0,0.0,0.0,0.0,10.0,13797.833333333334,10627.9375,0.0,0.060749
17,0.0,0.0,0.0,0.0,0.0,0.0,0.0,5.0,13495.0,10951.9375,0.0,0.056801
18,0.0,0.0,0.0,0.0,0.0,0.0,0.0,10.0,12803.833333333334,10939.875,0.0,0.061636
19,-1.0,0.0,0.0,0.0,0.0,0.0,0.0,5.0,13153.388888888889,12130.125,0.0,0.060453
20,-2.0,0.0,0.0,0.0,0.0,0.0,0.0,30.0,12411.388888888889,10471.625,0.0,0.059886
21,-1.0,0.0,0.0,0.0,0.0,0.0,0.0,25.0,11861.388888888889,11407.625,0.0,0.061581
22,-2.0,0.0,0.0,0.0,0.0,0.0,0.0,20.0,12085.388888888889,9446.625,0.0,0.060043
23,-2.0,0.0,0.0,0.0,0.0,0.0,0.0,15.0,12005.166666666666,8800.625,0.0,0.062274
24,-1.0,0.0,0.0,0.0,0.0,0.0,0.0,10.0,10810.444444444445,8810.375,0.0,0.063019
25,-2.0,0.0,0.0,0.0,0.0,0.0,0.0,5.0,10438.222222222223,8605.5625,0.0,0.060897
26,-2.0,0.0,0.0,0.0,0.0,0.0,0.0,40.0,9615.722222222223,7055.3125,0.0,0.057
27,-2.0,0.0,0.0,0.0,0.0,0.0,0.0,35.0,10113.222222222223,7577.125,0.0,0.042702
28,-3.0,0.0,0.0,0.0,0.0,0.0,0.0,30.0,10760.5,7776.9375,0.0,0.036577
29,-4.0,0.0,0.0,0.0,0.0,0.0,0.0,25.0,10641.333333333334,8041.0,0.0,0.033975
30,-3.0,0.0,0.0,0.0,0.0,0.0,0.0,20.0,11929.333333333334,7901.4375,0.0,0.044535
31,-3.0,0.0,0.0,0.0,0.0,0.0,0.0,20.0,11810.166666666666,7382.1875,0.0,0.038676
32,-3.0,0.0,0.0,0.0,0.0,0.0,0.0,15.0,12566.166666666666,7151.1875,0.0,0.037873
33,-4.0,0.0,0.0,0.0,0.0,0.0,0.0,10.0,12500.166666666666,6773.375,0.0,0.036393
34,-4.0,0.0,0.0,0.0,0.0,0.0,0.0,15.0,12851.555555555555,6198.9375,0.0,0.038506
35,-4.0,0.0,0.0,0.0,0.0,0.0,0.0,15.0,13362.166666666666,5008.6875,0.0,0.038217
36,-2.0,0.0,0.0,0.0,0.0,0.0,0.0,10.0,12241.333333333334,5344.375,0.0,0.042898
37,-2.0,0.0,0.0,0.0,0.0,0.0,0.0,25.0,13421.777777777777,6333.375,0.0,0.041809
38,-2.0,0.0,0.0,0.0,0.0,0.0,0.0,40.0,13231.833333333334,7408.4375,0.0,0.043109
39,-1.0,0.0,0.0,0.0,0.0,0.0,0.0,35.0,13830.722222222223,8612.25,0.0,0.051003
40,0.0,0.0,0.0,0.0,0.0,0.0,0.0,30.0,13191.555555555555,9268.5,0.0,0.058139
41,0.0,0.0,0.0,0.0,0.0,0.0,0.0,25.0,13365.777777777777,10738.3125,0.0,0.050684
42,1.0,0.0,0.0,0.0,0.0,0.0,0.0,40.0,13646.0,11458.875,0.0,0.05587
43,1.0,0.0,0.0,0.0,0.0,0.0,0.0,35.0,13722.222222222223,10180.8125,0.0,0.064883
44,1.0,0.0,0.0,0.0,0.0,0.0,0.0,30.0,13348.888888888889,10685.8125,0.0,0.064643
45,3.0,0.0,0.0,0.0,0.0,0.0,0.0,25.0,13194.222222222223,11398.3125,0.0,0.05713
46,0.0,0.0,0.0,0.0,0.0,0.0,1.0,23.81,14287.368421052632,13157.058823529413,0.0,0.043588
47,0.0,0.0,0.0,0.0,0.0,0.0,1.0,19.048,14385.421052631578,11920.29411764706,0.0,0.040692
48,0.0,0.0,0.0,0.0,0.0,0.0,1.0,14.286,14905.421052631578,13359.411764705883,0.0,0.040877
49,0.0,0.0,0.0,0.0,0.0,0.0,1.0,14.286,14496.368421052632,13586.529411764706,0.0,0.040151
50,0.0,0.0,0.0,0.0,0.0,0.0,1.0,9.524,15756.21052631579,15449.529411764706,0.0,0.038432
51,0.0,0.0,0.0,0.0,0.0,0.0,1.0,14.286,15756.21052631579,16148.058823529413,0.0,0.030686
52,0.0,0.0,0.0,0.0,0.0,0.0,1.0,19.048,16709.105263157893,14064.529411764706,0.0,0.032012
53,1.0,0.0,0.0,0.0,0.0,0.0,1.0,14.286,16675.842105263157,13863.176470588236,0.0,0.040548
54,0.0,0.0,0.0,0.0,0.0,0.0,1.0,14.286,14896.894736842105,15021.058823529413,0.0,0.036913
55,0.0,0.0,0.0,0.0,0.0,0.0,0.0,9.524,15443.421052631578,14784.058823529413,0.0,0.038851
56,0.0,0.0,0.0,0.0,0.0,0.0,0.0,4.762,13716.894736842105,13845.411764705883,0.0,0.045893
57,1.0,0.0,0.0,0.0,0.0,0.0,0.0,4.762,13272.947368421053,13785.176470588236,0.0,0.039826
58,1.0,0.0,0.0,0.0,0.0,0.0,0.0,4.762,12556.736842105263,13221.882352941177,0.0,0.038337
59,1.0,0.0,0.0,0.0,0.0,0.0,0.0,9.524,12479.0,12409.823529411764,0.0,0.051782
60,0.0,0.0,0.0,0.0,0.0,0.0,0.0,4.762,13203.21052631579,12171.235294117647,0.0,0.057165
61,0.0,0.0,0.0,0.0,0.0,0.0,0.0,9.524,13072.947368421053,10556.235294117647,0.0,0.057234
62,0.0,0.0,0.0,0.0,0.0,0.0,0.0,4.762,14341.78947368421,10849.823529411764,0.0,0.054882
63,-1.0,0.0,0.0,0.0,0.0,0.0,0.0,9.524,13075.0,11416.588235294117,0.0,0.056875
64,-2.0,0.0,0.0,0.0,0.0,0.0,0.0,4.762,13463.421052631578,11535.70588235294,0.0,0.05929
65,-2.0,0.0,0.0,0.0,0.0,0.0,0.0,28.571,11851.0,11161.588235294117,0.0,0.055907
66,-1.0,0.0,0.0,0.0,0.0,0.0,0.0,23.81,12007.684210526315,10796.823529411764,0.0,0.060234
67,-2.0,0.0,0.0,0.0,0.0,0.0,0.0,19.048,11449.315789473685,8994.70588235294,0.0,0.060322
68,-1.0,0.0,0.0,0.0,0.0,0.0,0.0,14.286,11744.684210526315,8377.058823529413,0.0,0.063145
69,-2.0,0.0,0.0,0.0,0.0,0.0,0.0,9.524,10334.315789473685,8395.882352941177,0.0,0.059292
70,-2.0,0.0,0.0,0.0,0.0,0.0,0.0,4.762,10278.105263157895,8340.29411764706,0.0,0.05906
71,-2.0,0.0,0.0,0.0,0.0,0.0,0.0,38.095,9893.0,7843.176470588235,0.0,0.0512
72,-3.0,0.0,0.0,0.0,0.0,0.0,0.0,33.333,10416.526315789473,7517.35294117647,0.0,0.03876
73,-3.0,0.0,0.0,0.0,0.0,0.0,0.0,28.571,10639.631578947368,7568.0,0.0,0.03684
74,-4.0,0.0,0.0,0.0,0.0,0.0,0.0,23.81,11638.315789473685,8110.117647058823,0.0,0.041072
75,-3.0,0.0,0.0,0.0,0.0,0.0,0.0,23.81,11746.947368421053,7512.882352941177,0.0,0.039925
76,-3.0,0.0,0.0,0.0,0.0,0.0,0.0,19.048,12420.631578947368,6979.058823529412,0.0,0.035062
77,-3.0,0.0,0.0,0.0,0.0,0.0,0.0,14.286,12389.842105263158,6928.411764705882,0.0,0.037989
78,-4.0,0.0,0.0,0.0,0.0,0.0,0.0,9.524,13010.736842105263,6376.411764705882,0.0,0.040857
79,-4.0,0.0,0.0,0.0,0.0,0.0,0.0,14.286,12660.21052631579,5834.294117647059,0.0,0.038741
80,-3.0,0.0,0.0,0.0,0.0,0.0,0.0,14.286,13154.105263157895,5149.117647058823,0.0,0.038204
81,-2.0,0.0,0.0,0.0,0.0,0.0,0.0,9.524,13660.421052631578,7266.764705882353,0.0,0.041439
82,-2.0,0.0,0.0,0.0,0.0,0.0,0.0,23.81,13537.736842105263,7032.882352941177,0.0,0.039138
83,-2.0,0.0,0.0,0.0,0.0,0.0,0.0,38.095,13195.631578947368,8209.411764705883,0.0,0.047956
84,-1.0,0.0,0.0,0.0,0.0,0.0,0.0,33.333,13267.842105263158,8817.411764705883,0.0,0.0553
85,0.0,0.0,0.0,0.0,0.0,0.0,0.0,28.571,12662.315789473685,10210.411764705883,0.0,0.055744
86,1.0,0.0,0.0,0.0,0.0,0.0,0.0,23.81,13299.157894736842,11025.764705882353,0.0,0.051612
87,1.0,0.0,0.0,0.0,0.0,0.0,0.0,38.095,13092.842105263158,10784.823529411764,0.0,0.059634
88,2.0,0.0,0.0,0.0,0.0,0.0,0.0,33.333,13035.578947368422,10443.176470588236,0.0,0.063707
89,2.0,0.0,0.0,0.0,0.0,0.0,0.0,28.571,13283.157894736842,10976.35294117647,0.0,0.059677
90,0.0,0.0,0.0,0.0,0.0,0.0,1.0,22.727,14156.2,12426.111111111111,0.0,0.041759
91,0.0,0.0,0.0,0.0,0.0,0.0,1.0,18.182,14196.6,12844.777777777777,0.0,0.041357
92,0.0,0.0,0.0,0.0,0.0,0.0,1.0,13.636,14232.35,13018.611111111111,0.0,0.040643
93,0.0,0.0,0.0,0.0,0.0,0.0,1.0,13.636,15199.6,14631.722222222223,0.0,0.036734
94,0.0,0.0,0.0,0.0,0.0,0.0,1.0,9.091,15391.6,15263.444444444445,0.0,0.035227
95,0.0,0.0,0.0,0.0,0.0,0.0,1.0,13.636,16078.45,15331.166666666666,0.0,0.02968
96,1.0,0.0,0.0,0.0,0.0,0.0,1.0,18.182,16170.1,13563.222222222223,0.0,0.039688
97,0.0,0.0,0.0,0.0,0.0,0.0,1.0,13.636,16053.3,14698.555555555555,0.0,0.037928
98,0.0,0.0,0.0,0.0,0.0,0.0,1.0,13.636,14682.5,14858.777777777777,0.0,0.037892
99,0.0,0.0,0.0,0.0,0.0,0.0,0.0,9.091,14991.25,14149.611111111111,0.0,0.038017
100,1.0,0.0,0.0,0.0,0.0,0.0,0.0,4.545,13561.5,13076.222222222223,0.0,0.046041
101,1.0,0.0,0.0,0.0,0.0,0.0,0.0,4.545,13099.35,13655.388888888889,0.0,0.037798
102,1.0,0.0,0.0,0.0,0.0,0.0,0.0,4.545,12449.1,13020.888888888889,0.0,0.048249
103,0.0,0.0,0.0,0.0,0.0,0.0,0.0,9.091,12648.85,11955.111111111111,0.0,0.055873
104,0.0,0.0,0.0,0.0,0.0,0.0,0.0,4.545,12544.3,12017.777777777777,0.0,0.05427
105,0.0,0.0,0.0,0.0,0.0,0.0,0.0,9.091,13898.5,10481.777777777777,0.0,0.055011
106,-1.0,0.0,0.0,0.0,0.0,0.0,0.0,4.545,14522.5,11305.055555555555,0.0,0.050747
107,-2.0,0.0,0.0,0.0,0.0,0.0,0.0,9.091,13373.45,10894.833333333334,0.0,0.055861
108,-2.0,0.0,0.0,0.0,0.0,0.0,0.0,4.545,12878.45,12128.222222222223,0.0,0.055769
109,-2.0,0.0,0.0,0.0,0.0,0.0,0.0,27.273,11990.5,10598.388888888889,0.0,0.054635
110,-1.0,0.0,0.0,0.0,0.0,0.0,0.0,22.727,11407.3,10295.0,0.0,0.060292
111,-1.0,0.0,0.0,0.0,0.0,0.0,0.0,18.182,11229.65,8583.888888888889,0.0,0.061086
112,-2.0,0.0,0.0,0.0,0.0,0.0,0.0,13.636,11245.65,8009.666666666667,0.0,0.059451
113,-2.0,0.0,0.0,0.0,0.0,0.0,0.0,9.091,10187.4,8157.0,0.0,0.057603
114,-2.0,0.0,0.0,0.0,0.0,0.0,0.0,4.545,10508.4,9013.0,0.0,0.053671
115,-3.0,0.0,0.0,0.0,0.0,0.0,0.0,36.364,10192.15,7771.944444444444,0.0,0.046214
116,-3.0,0.0,0.0,0.0,0.0,0.0,0.0,31.818,10318.9,7334.444444444444,0.0,0.0389
117,-3.0,0.0,0.0,0.0,0.0,0.0,0.0,27.273,11586.85,7659.555555555556,0.0,0.042921
118,-4.0,0.0,0.0,0.0,0.0,0.0,0.0,27.273,11479.6,7731.555555555556,0.0,0.036844
119,-3.0,0.0,0.0,0.0,0.0,0.0,0.0,22.727,12330.05,7124.888888888889,0.0,0.036313
120,-3.0,0.0,0.0,0.0,0.0,0.0,0.0,18.182,12260.4,6778.222222222223,0.0,0.035246
121,-3.0,0.0,0.0,0.0,0.0,0.0,0.0,13.636,12880.4,6544.888888888889,0.0,0.041838
122,-4.0,0.0,0.0,0.0,0.0,0.0,0.0,9.091,12821.0,6022.166666666667,0.0,0.040703
123,-3.0,0.0,0.0,0.0,0.0,0.0,0.0,13.636,12497.65,5921.055555555556,0.0,0.038528
124,-3.0,0.0,0.0,0.0,0.0,0.0,0.0,13.636,14456.6,6975.555555555556,0.0,0.03764
125,-2.0,0.0,0.0,0.0,0.0,0.0,0.0,9.091,13758.65,7875.555555555556,0.0,0.038772
126,-2.0,0.0,0.0,0.0,0.0,0.0,0.0,22.727,13488.05,7810.222222222223,0.0,0.043487
127,-2.0,0.0,0.0,0.0,0.0,0.0,0.0,36.364,12692.65,8425.555555555555,0.0,0.052056
128,-1.0,0.0,0.0,0.0,0.0,0.0,0.0,31.818,12761.25,9732.055555555555,0.0,0.053113
129,1.0,0.0,0.0,0.0,0.0,0.0,0.0,27.273,12634.2,10511.222222222223,0.0,0.056073
130,1.0,0.0,0.0,0.0,0.0,0.0,0.0,22.727,12791.0,10413.222222222223,0.0,0.055074
131,2.0,0.0,0.0,0.0,0.0,0.0,0.0,36.364,12472.0,10999.055555555555,0.0,0.058783
132,3.0,0.0,0.0,0.0,0.0,0.0,0.0,31.818,12988.8,10731.055555555555,0.0,0.059066
133,0.0,0.0,0.0,0.0,0.0,0.0,1.0,21.739,13987.285714285714,13275.315789473685,0.0,0.042243
134,0.0,0.0,0.0,0.0,0.0,0.0,1.0,17.391,13589.333333333334,12549.0,0.0,0.041071
135,0.0,0.0,0.0,0.0,0.0,0.0,1.0,17.391,14914.666666666666,14038.684210526315,0.0,0.036921
136,0.0,0.0,0.0,0.0,0.0,0.0,1.0,13.043,14878.857142857143,14498.473684210527,0.0,0.033723
137,0.0,0.0,0.0,0.0,0.0,0.0,1.0,8.696,15715.857142857143,14536.105263157895,0.0,0.03402
138,1.0,0.0,0.0,0.0,0.0,0.0,1.0,13.043,15595.142857142857,14789.578947368422,0.0,0.036914
139,0.0,0.0,0.0,0.0,0.0,0.0,1.0,17.391,15601.285714285714,14370.421052631578,0.0,0.037202
140,0.0,0.0,0.0,0.0,0.0,0.0,1.0,13.043,15794.047619047618,14561.78947368421,0.0,0.038768
141,0.0,0.0,0.0,0.0,0.0,0.0,1.0,13.043,14288.095238095239,14253.78947368421,0.0,0.036987
142,1.0,0.0,0.0,0.0,0.0,0.0,0.0,8.696,14782.57142857143,13404.894736842105,0.0,0.038292
143,1.0,0.0,0.0,0.0,0.0,0.0,0.0,8.696,13382.42857142857,12990.578947368422,0.0,0.043624
144,1.0,0.0,0.0,0.0,0.0,0.0,0.0,8.696,12971.0,13442.157894736842,0.0,0.046762
145,0.0,0.0,0.0,0.0,0.0,0.0,0.0,4.348,12612.285714285714,12557.947368421053,0.0,0.052205
146,0.0,0.0,0.0,0.0,0.0,0.0,0.0,8.696,12047.714285714286,11821.105263157895,0.0,0.052912
147,0.0,0.0,0.0,0.0,0.0,0.0,0.0,13.043,13355.714285714286,11870.315789473685,0.0,0.052469
148,-1.0,0.0,0.0,0.0,0.0,0.0,0.0,8.696,14091.714285714286,10932.421052631578,0.0,0.051053
149,-2.0,0.0,0.0,0.0,0.0,0.0,0.0,4.348,14737.809523809523,10816.631578947368,0.0,0.049921
150,-2.0,0.0,0.0,0.0,0.0,0.0,0.0,8.696,12820.619047619048,11489.894736842105,0.0,0.052645
151,-2.0,0.0,0.0,0.0,0.0,0.0,0.0,4.348,12962.380952380952,11543.78947368421,0.0,0.054099
152,-2.0,0.0,0.0,0.0,0.0,0.0,0.0,26.087,11419.52380952381,10133.421052631578,0.0,0.0551
153,0.0,0.0,0.0,0.0,0.0,0.0,0.0,21.739,11200.095238095239,9837.368421052632,0.0,0.060985
154,-2.0,0.0,0.0,0.0,0.0,0.0,0.0,17.391,10778.904761904761,8224.947368421053,0.0,0.057573
155,-2.0,0.0,0.0,0.0,0.0,0.0,0.0,13.043,11062.333333333334,7803.684210526316,0.0,0.057844
156,-2.0,0.0,0.0,0.0,0.0,0.0,0.0,8.696,10411.047619047618,8803.947368421053,0.0,0.052423
157,-3.0,0.0,0.0,0.0,0.0,0.0,0.0,4.348,10764.0,8883.947368421053,0.0,0.049189
158,-3.0,0.0,0.0,0.0,0.0,0.0,0.0,34.783,10109.857142857143,7585.263157894737,0.0,0.045834
159,-3.0,0.0,0.0,0.0,0.0,0.0,0.0,30.435,11236.285714285714,7433.473684210527,0.0,0.044305
160,-3.0,0.0,0.0,0.0,0.0,0.0,0.0,30.435,11438.142857142857,7324.631578947368,0.0,0.038599
161,-4.0,0.0,0.0,0.0,0.0,0.0,0.0,26.087,12047.666666666666,7352.473684210527,0.0,0.033723
162,-3.0,0.0,0.0,0.0,0.0,0.0,0.0,21.739,12181.761904761905,6926.9473684210525,0.0,0.036377
163,-3.0,0.0,0.0,0.0,0.0,0.0,0.0,17.391,12733.761904761905,6422.789473684211,0.0,0.038704
164,-3.0,0.0,0.0,0.0,0.0,0.0,0.0,13.043,12705.904761904761,6200.421052631579,0.0,0.041441
165,-3.0,0.0,0.0,0.0,0.0,0.0,0.0,8.696,12658.52380952381,6094.473684210527,0.0,0.040188
166,-3.0,0.0,0.0,0.0,0.0,0.0,0.0,13.043,13769.380952380952,7610.736842105263,0.0,0.037461
167,-3.0,0.0,0.0,0.0,0.0,0.0,0.0,13.043,14512.238095238095,7567.631578947368,0.0,0.03546
168,-2.0,0.0,0.0,0.0,0.0,0.0,0.0,8.696,13700.809523809523,8567.631578947368,0.0,0.042503
169,-2.0,0.0,0.0,0.0,0.0,0.0,0.0,21.739,12995.095238095239,8036.0,0.0,0.047173
170,-2.0,0.0,0.0,0.0,0.0,0.0,0.0,34.783,12237.57142857143,9312.684210526315,0.0,0.050098
171,0.0,0.0,0.0,0.0,0.0,0.0,0.0,30.435,12729.761904761905,10042.21052631579,0.0,0.053553
172,1.0,0.0,0.0,0.0,0.0,0.0,0.0,26.087,12181.904761904761,9958.0,0.0,0.058921
173,2.0,0.0,0.0,0.0,0.0,0.0,0.0,21.739,12214.095238095239,10635.736842105263,0.0,0.054471
174,3.0,0.0,0.0,0.0,0.0,0.0,0.0,34.783,12454.285714285714,11242.526315789473,0.0,0.054672
175,0.0,0.0,0.0,0.0,0.0,0.0,1.0,20.833,13417.136363636364,12972.8,0.0,0.041897
176,0.0,0.0,0.0,0.0,0.0,0.0,1.0,16.667,14269.863636363636,13541.55,0.0,0.037085
177,0.0,0.0,0.0,0.0,0.0,0.0,1.0,16.667,14621.454545454546,13941.75,0.0,0.03397
178,0.0,0.0,0.0,0.0,0.0,0.0,1.0,12.5,15211.681818181818,13845.75,0.0,0.032635
179,1.0,0.0,0.0,0.0,0.0,0.0,1.0,8.333,15271.0,14061.35,0.0,0.040263
180,0.0,0.0,0.0,0.0,0.0,0.0,1.0,12.5,15078.318181818182,15495.1,0.0,0.034652
181,0.0,0.0,0.0,0.0,0.0,0.0,1.0,16.667,15374.363636363636,14256.9,0.0,0.038031
182,0.0,0.0,0.0,0.0,0.0,0.0,1.0,12.5,15367.045454545454,14001.9,0.0,0.037772
183,1.0,0.0,0.0,0.0,0.0,0.0,1.0,12.5,14120.863636363636,13541.1,0.0,0.037228
184,1.0,0.0,0.0,0.0,0.0,0.0,0.0,8.333,14556.136363636364,13307.1,0.0,0.036374
185,1.0,0.0,0.0,0.0,0.0,0.0,0.0,8.333,13247.045454545454,12821.25,0.0,0.05123
186,0.0,0.0,0.0,0.0,0.0,0.0,0.0,8.333,13103.045454545454,12981.3,0.0,0.050035
187,0.0,0.0,0.0,0.0,0.0,0.0,0.0,12.5,12040.136363636364,12400.5,0.0,0.049516
188,0.0,0.0,0.0,0.0,0.0,0.0,0.0,16.667,12844.818181818182,11690.85,0.0,0.051001
189,-1.0,0.0,0.0,0.0,0.0,0.0,0.0,12.5,13564.818181818182,12229.0,0.0,0.048743
190,-2.0,0.0,0.0,0.0,0.0,0.0,0.0,8.333,14316.818181818182,10487.05,0.0,0.050168
191,-2.0,0.0,0.0,0.0,0.0,0.0,0.0,4.167,14148.09090909091,11385.85,0.0,0.04706
192,-2.0,0.0,0.0,0.0,0.0,0.0,0.0,8.333,12903.363636363636,10966.6,0.0,0.051248
193,-2.0,0.0,0.0,0.0,0.0,0.0,0.0,4.167,12373.181818181818,11054.8,0.0,0.054192
194,-1.0,0.0,0.0,0.0,0.0,0.0,0.0,25.0,11221.181818181818,9706.75,0.0,0.055843
195,-1.0,0.0,0.0,0.0,0.0,0.0,0.0,20.833,10771.181818181818,9433.7,0.0,0.057646
196,-2.0,0.0,0.0,0.0,0.0,0.0,0.0,16.667,10625.136363636364,8018.5,0.0,0.056201
197,-2.0,0.0,0.0,0.0,0.0,0.0,0.0,12.5,11236.045454545454,8435.95,0.0,0.052732
198,-3.0,0.0,0.0,0.0,0.0,0.0,0.0,8.333,10659.454545454546,8691.8,0.0,0.048128
199,-3.0,0.0,0.0,0.0,0.0,0.0,0.0,4.167,10659.454545454546,8651.0,0.0,0.048418
200,-3.0,0.0,0.0,0.0,0.0,0.0,0.0,33.333,10995.045454545454,7666.8,0.0,0.04992
201,-3.0,0.0,0.0,0.0,0.0,0.0,0.0,33.333,11110.272727272728,7126.6,0.0,0.03989
202,-3.0,0.0,0.0,0.0,0.0,0.0,0.0,29.167,11982.272727272728,6984.85,0.0,0.035432
203,-4.0,0.0,0.0,0.0,0.0,0.0,0.0,25.0,11918.954545454546,7153.05,0.0,0.03383
204,-3.0,0.0,0.0,0.0,0.0,0.0,0.0,20.833,12637.181818181818,6581.85,0.0,0.039402
205,-3.0,0.0,0.0,0.0,0.0,0.0,0.0,16.667,12573.863636363636,6101.65,0.0,0.038327
206,-2.0,0.0,0.0,0.0,0.0,0.0,0.0,12.5,12556.045454545454,6260.2,0.0,0.040911
207,-3.0,0.0,0.0,0.0,0.0,0.0,0.0,16.667,13865.136363636364,7691.0,0.0,0.038398
208,-3.0,0.0,0.0,0.0,0.0,0.0,0.0,16.667,13853.727272727272,8141.45,0.0,0.035275
209,-3.0,0.0,0.0,0.0,0.0,0.0,0.0,12.5,14422.772727272728,8240.5,0.0,0.039034
210,-2.0,0.0,0.0,0.0,0.0,0.0,0.0,8.333,13220.59090909091,8744.25,0.0,0.045671
211,-2.0,0.0,0.0,0.0,0.0,0.0,0.0,20.833,12546.954545454546,8898.25,0.0,0.045485
212,-1.0,0.0,0.0,0.0,0.0,0.0,0.0,33.333,12231.318181818182,9628.3,0.0,0.050666
213,0.0,0.0,0.0,0.0,0.0,0.0,0.0,29.167,12293.681818181818,9540.1,0.0,0.056267
214,2.0,0.0,0.0,0.0,0.0,0.0,0.0,25.0,11658.90909090909,10192.15,0.0,0.057908
215,3.0,0.0,0.0,0.0,0.0,0.0,0.0,20.833,12208.90909090909,10885.2,0.0,0.050796
